title,video_id,vimeo_link,category,final_category,final_category_slug,was_overridden,was_folded_archives
Hiit56 | Max Cardio | #6 | with William | No Demos No Talking,821754541,https://vimeo.com/821754541/3dba738ced,Max Cardio HIIT,Max Cardio HIIT,max-cardio-hiit,False,False
Hiit56 | Max Cardio | #6 | with William,820700119,https://vimeo.com/820700119/73626d825d,Max Cardio HIIT,Max Cardio HIIT,max-cardio-hiit,False,False
Hiit56 | Total Body | #7 | Upper Blast #1 | with William,817315241,https://vimeo.com/817315241/ac93c20d03,HIIT Total Body,HIIT Total Body,hiit-total-body,False,False
Hiit56 | Total Body | #6 | Booty Blast Edition #1 | with William,810933814,https://vimeo.com/810933814/ecb41ac71e,HIIT Total Body,HIIT Total Body,hiit-total-body,False,False
Hiit56 | Max Cardio| #5 | with Susie Q | 11-23-22,774363206,https://vimeo.com/774363206/59793e9bdb,Max Cardio HIIT,Max Cardio HIIT,max-cardio-hiit,False,False
The Rock Workout Challenge | Day 6 | Chest,759516695,https://vimeo.com/759516695/64fb8875b7,Challenges,Challenges,challenges,False,False
The Rock Workout Challenge | Day 5 | Legs,758939389,https://vimeo.com/758939389/a7f01cf47c,Challenges,Challenges,challenges,False,False
The Rock Workout Challenge | Day 4 | Arms & Abs,758552561,https://vimeo.com/758552561/035f39babb,Challenges,Challenges,challenges,False,False
The Rock Workout Challenge | Day 3 | Shoulders,758344454,https://vimeo.com/758344454/35ea5d7611,Challenges,Challenges,challenges,False,False
The Rock Workout Challenge | Day 2 | Back,758180864,https://vimeo.com/758180864/3d0600b2a5,Challenges,Challenges,challenges,False,False
The Rock Workout Challenge | Day 1 | Legs,757784810,https://vimeo.com/757784810,Challenges,Challenges,challenges,False,False
Hiit56 | Max Cardio | #4 | with William | 9-24-22,753426001,https://vimeo.com/753426001,Max Cardio HIIT,Max Cardio HIIT,max-cardio-hiit,False,False
Hiit56 | Total Body | 5 | with Susie Q | 9-15-22,750058905,https://vimeo.com/750058905/8e02f8299f,HIIT Total Body,HIIT Total Body,hiit-total-body,False,False
Hiit56 | Upper Body | 4 | with William | 9-14-22,749715324,https://vimeo.com/749715324/975b7e3653,HIIT Upper Body,HIIT Upper Body,hiit-upper-body,False,False
Hiit56 | Total Body | 4 | with William | 8-24-22,742880276,https://vimeo.com/742880276,HIIT Total Body,HIIT Total Body,hiit-total-body,False,False
Hiit56 | MAX Cardio | #3 | with William | 8-18-22,740668411,https://vimeo.com/740668411/a132e15056,Max Cardio HIIT,Max Cardio HIIT,max-cardio-hiit,False,False
Hiit56 | Lower Body | #4| with William | 8-8-22,737740659,https://vimeo.com/737740659/f2bfa59643,HIIT Lower Body,HIIT Lower Body,hiit-lower-body,False,False
Hiit56 | Upper Body | #3 | with William | 8-4-22,736707414,https://vimeo.com/736707414/dd4374340f,HIIT Upper Body,HIIT Upper Body,hiit-upper-body,False,False
Hiit56 | Total Body | #3 | with William | 7-26-22,733740925,https://vimeo.com/733740925/f423beb90f,HIIT Total Body,HIIT Total Body,hiit-total-body,False,False
Hiit56 | Lower Body | #3 | with William | 07-21-22,732260751,https://vimeo.com/732260751/c2cc643170,HIIT Lower Body,HIIT Lower Body,hiit-lower-body,False,False
Hiit56 | Upper Body | #2 | with William | 6-23-22,723619305,https://vimeo.com/723619305/e74e1f666e,HIIT Upper Body,HIIT Upper Body,hiit-upper-body,False,False
Hiit56 | MAX Cardio | #2 | with William | 6-21-22,722800225,https://vimeo.com/722800225,Max Cardio HIIT,Max Cardio HIIT,max-cardio-hiit,False,False
Hiit56 | Lower Body | #2 | with William | 06-20-22,722360087,https://vimeo.com/722360087/f02d58a167,HIIT Lower Body,HIIT Lower Body,hiit-lower-body,False,False
Hiit56 | Total Body | #2 | with William | 06-16-22,721059419,https://vimeo.com/721059419/50b2699cb5,HIIT Total Body,HIIT Total Body,hiit-total-body,False,False
Hiit56 | Upper Body | #1 | with William | 06-14-22,720479886,https://vimeo.com/720479886/d19d8e404d,HIIT Upper Body,HIIT Upper Body,hiit-upper-body,False,False
Hiit56 | MAX Cardio | #1 | with William | 6-10-22,719222766,https://vimeo.com/719222766,Max Cardio HIIT,Max Cardio HIIT,max-cardio-hiit,False,False
Hiit56 | Lower Body | #1 | with William | 6-9-22,718548518,https://vimeo.com/718548518/503ae532aa,HIIT Lower Body,HIIT Lower Body,hiit-lower-body,False,False
Hiit56 | Total Body | #1 | with William | 6-6-22,717565113,https://vimeo.com/717565113/94b2e6a52b,HIIT Total Body,HIIT Total Body,hiit-total-body,False,False
Hiit56 | Upper Body | with Susie Q | 5-26-22,714164378,https://vimeo.com/714164378/2a231a51c7,HIIT Upper Body,HIIT Upper Body,hiit-upper-body,False,False
HIIT56 | Lower Body | with Abbie | 5-20-22,712150494,https://vimeo.com/712150494/bb53e0b6d4,HIIT Lower Body,HIIT Lower Body,hiit-lower-body,False,False
Hiit56 | Upper Body | with Susie Q | 5-12-22,709139419,https://vimeo.com/709139419/7effda3d97,HIIT Upper Body,HIIT Upper Body,hiit-upper-body,False,False
Hiit56 | Lower Body | with Abbie | 5-5-22,706620485,https://vimeo.com/706620485,HIIT Lower Body,HIIT Lower Body,hiit-lower-body,False,False
Hiit56 | Total Body | with Abbie | 4-28-22,703961458,https://vimeo.com/703961458/9a7f8fa2f2,HIIT Total Body,HIIT Total Body,hiit-total-body,False,False
Hiit56 | Upper Body | with Susie Q | 4-22-22,702021658,https://vimeo.com/702021658/366ec75376,HIIT Upper Body,HIIT Upper Body,hiit-upper-body,False,False
Hiit56 | Total Body | SEASON FINALE WEEK | with Abbie | 11-11-21,645006496,https://vimeo.com/645006496/ef3a3f6b2b,HIIT Total Body,HIIT Total Body,hiit-total-body,False,False
Hiit56 | Upper Body | SEASON FINALE WEEK | with Susie Q | 11-9-21,644116652,https://vimeo.com/644116652,HIIT Upper Body,HIIT Upper Body,hiit-upper-body,False,False
Hiit56 | Lower Body | SEASON FINALE WEEK | with Abbie | 11-8-21,643706666,https://vimeo.com/643706666,HIIT Lower Body,HIIT Lower Body,hiit-lower-body,False,False
Hiit56 | Upper Body | with Susie Q | 11-3-21,641950182,https://vimeo.com/641950182,HIIT Upper Body,HIIT Upper Body,hiit-upper-body,False,False
Hiit56 | Lower Body | with Abbie | 11-3-21,641914863,https://vimeo.com/641914863,HIIT Lower Body,HIIT Lower Body,hiit-lower-body,False,False
Hiit56 | Total Body | with Abbie | 10-21-21,637692984,https://vimeo.com/637692984,HIIT Total Body,HIIT Total Body,hiit-total-body,False,False
Hiit56 | Upper Body | with Susie Q | 10-19-21,636729391,https://vimeo.com/636729391,HIIT Upper Body,HIIT Upper Body,hiit-upper-body,False,False
Hiit56 | Lower Body | with Abbie | 10-18-21,635762964,https://vimeo.com/635762964,HIIT Lower Body,HIIT Lower Body,hiit-lower-body,False,False
Hiit56 | Total Body | Holy Abs & Then Sum! | 10-14-21,632554719,https://vimeo.com/632554719,HIIT Total Body,HIIT Total Body,hiit-total-body,False,False
Hiit56 | Upper Body | with Susie Q | 10-12-21,630514683,https://vimeo.com/630514683,HIIT Upper Body,HIIT Upper Body,hiit-upper-body,False,False
Hiit56 | Lower Body | THE LOST EPISODE 3 | with Susie Q & Pam | 10-11-21,629489211,https://vimeo.com/629489211,HIIT Lower Body,HIIT Lower Body,hiit-lower-body,False,False
Hiit56 | Total Body | with Abbie | 10-7-21,626423965,https://vimeo.com/626423965,HIIT Total Body,HIIT Total Body,hiit-total-body,False,False
Hiit56 | Upper Body | with Susie Q | 10-5-21,623969677,https://vimeo.com/623969677,HIIT Upper Body,HIIT Upper Body,hiit-upper-body,False,False
Hiit56 | Total Body | with Abbie | 9-30-21,618235856,https://vimeo.com/618235856,HIIT Total Body,HIIT Total Body,hiit-total-body,False,False
Hiit56 | Upper Body | The Lost Episode 2 | with Susie Q | 9-28-21,617419745,https://vimeo.com/617419745,HIIT Upper Body,HIIT Upper Body,hiit-upper-body,False,False
Hiit56 | Lower Body | with Abbie | 9-27-21,616359158,https://vimeo.com/616359158,HIIT Lower Body,HIIT Lower Body,hiit-lower-body,False,False
Hiit56 | Total Body | THE HARDCORE AMRAP BURNOUT | 9-23-21,613053557,https://vimeo.com/613053557,HIIT Total Body,HIIT Total Body,hiit-total-body,False,False
Hiit56 | Upper Body | with Susie Q | 9-21-21,611159869,https://vimeo.com/611159869,HIIT Upper Body,HIIT Upper Body,hiit-upper-body,False,False
Hiit56 | Lower Body | with Abbie | 9-20-21,610213151,https://vimeo.com/610213151,HIIT Lower Body,HIIT Lower Body,hiit-lower-body,False,False
Hiit56 | Total Body | with Abbie | 9-16-21,606851768,https://vimeo.com/606851768,HIIT Total Body,HIIT Total Body,hiit-total-body,False,False
Hiit56 | Upper Body | with Susie Q | 9-14-21,606199976,https://vimeo.com/606199976,HIIT Upper Body,HIIT Upper Body,hiit-upper-body,False,False
Hiit56 | Upper Body | with Susie Q | 9-14-21,606094765,https://vimeo.com/606094765/49db7eef10,HIIT Upper Body,HIIT Upper Body,hiit-upper-body,False,False
Hiit56 | Upper Body | with Susie Q | 9-14-21,605147480,https://vimeo.com/605147480/7a7cf45e6d,HIIT Upper Body,HIIT Upper Body,hiit-upper-body,False,False
Hiit56 | Lower Body | with Abbie | 9-13-21,604280526,https://vimeo.com/604280526/1ff0a1fe4d,HIIT Lower Body,HIIT Lower Body,hiit-lower-body,False,False
Hiit56 | Total Body | THE LOST EPISODE | with Susie Q & Pam | 9-9-21,601260956,https://vimeo.com/601260956/d129c41274,HIIT Total Body,HIIT Total Body,hiit-total-body,False,False
Hiit56 | Upper Body | with Susie Q | 9-7-21,599836997,https://vimeo.com/599836997/fd35453f4e,HIIT Upper Body,HIIT Upper Body,hiit-upper-body,False,False
Hiit56 | Total Body | with Abbie | 8-26-21,592994376,https://vimeo.com/592994376/6b389d323f,HIIT Total Body,HIIT Total Body,hiit-total-body,False,False
Hiit56 | Upper Body | TOTAL BURNOUT TUESDAY | 8-24-21,591820494,https://vimeo.com/591820494/acf5a63805,HIIT Upper Body,HIIT Upper Body,hiit-upper-body,False,False
Hiit56 | Lower Body | MEGA MONDAY MASH-UP | 8-23-21,591262059,https://vimeo.com/591262059/ea8aa10bb5,HIIT Lower Body,HIIT Lower Body,hiit-lower-body,False,False
Hiit56 | Total Body | with Abbie | 8-19-21,589563827,https://vimeo.com/589563827/e77757f960,HIIT Total Body,HIIT Total Body,hiit-total-body,False,False
Hiit56 | Upper Body | with Susie Q | 8-17-21,588844962,https://vimeo.com/588844962/c97d8879e8,HIIT Upper Body,HIIT Upper Body,hiit-upper-body,False,False
Hiit56 | Lower Body | with Abbie | 8-16-21,588071851,https://vimeo.com/588071851/ff9499697c,HIIT Lower Body,HIIT Lower Body,hiit-lower-body,False,False
Hiit56 | Upper Body | with Susie Q | 8-10-21,585605705,https://vimeo.com/585605705/c0ce2e2e37,HIIT Upper Body,HIIT Upper Body,hiit-upper-body,False,False
Hiit56 | Lower Body | with Abbie | 8-9-21,585085375,https://vimeo.com/585085375/deaf663a7a,HIIT Lower Body,HIIT Lower Body,hiit-lower-body,False,False
Hiit56 | Total Body | with Abbie | 8-5-21,583526168,https://vimeo.com/583526168/c18fbbb763,HIIT Total Body,HIIT Total Body,hiit-total-body,False,False
Hiit56 | Upper Body | with Susie Q | 8-3-21,583085850,https://vimeo.com/583085850/72f91e7ca2,HIIT Upper Body,HIIT Upper Body,hiit-upper-body,False,False
Hiit56 | Lower Body | with Abbie | 8-2-21,582285479,https://vimeo.com/582285479/dc0a9d03cf,HIIT Lower Body,HIIT Lower Body,hiit-lower-body,False,False
Hiit56 | Upper Body | with Susie Q | 7-27-21,580084564,https://vimeo.com/580084564/01b518ccb0,HIIT Upper Body,HIIT Upper Body,hiit-upper-body,False,False
Hiit56 | Total Body | This Time Last Year | with Gi Gi & Tammy | 7-22-21,578268075,https://vimeo.com/578268075/892696704c,HIIT Total Body,HIIT Total Body,hiit-total-body,False,False
Hiit56 | Upper Body | with Susie Q | 7-20-21,577369765,https://vimeo.com/577369765/afca6d6b5f,HIIT Upper Body,HIIT Upper Body,hiit-upper-body,False,False
Hiit56 | Lower Body | Last Year Today! | with Gi Gi | 7-19-21,576955005,https://vimeo.com/576955005/68945b113f,HIIT Lower Body,HIIT Lower Body,hiit-lower-body,False,False
Hiit56 | Total Body | with Abbie | 7-15-21.mp4,575548052,https://vimeo.com/575548052/720249a406,HIIT Total Body,HIIT Total Body,hiit-total-body,False,False
Hiit56 | Upper Body | with Susie Q | 7-13-21,574662979,https://vimeo.com/574662979/f2af58c011,HIIT Upper Body,HIIT Upper Body,hiit-upper-body,False,False
Hiit56 | Lower Body | with Abbie | 7-12-21,574160228,https://vimeo.com/574160228/10caa05aad,HIIT Lower Body,HIIT Lower Body,hiit-lower-body,False,False
Hiit56 | Total Body | with Abbie | 7-1-21,570010554,https://vimeo.com/570010554/39679a4a6a,HIIT Total Body,HIIT Total Body,hiit-total-body,False,False
Hiit56 | Upper Body | with Susie Q | 6-29-21,569125862,https://vimeo.com/569125862/86a0416ef5,HIIT Upper Body,HIIT Upper Body,hiit-upper-body,False,False
Hiit56 | Lower Body Mash-Up | with Abbie | 6-28-21,568612296,https://vimeo.com/568612296/0d3aa6ee0d,HIIT Lower Body,HIIT Lower Body,hiit-lower-body,False,False
Hiit56 | Total Body | with Abbie | 6-24-21,567290183,https://vimeo.com/567290183/386bdead86,HIIT Total Body,HIIT Total Body,hiit-total-body,False,False
Hiit56 | Lower Body | with Abbie | 6-21-21,565817880,https://vimeo.com/565817880/a32c8247ab,HIIT Lower Body,HIIT Lower Body,hiit-lower-body,False,False
Hiit56 | Total Body | with Abbie | 6-17-21,564347019,https://vimeo.com/564347019/36ebb09f2b,HIIT Total Body,HIIT Total Body,hiit-total-body,False,False
Hiit56 | Total Body | with Abbie | 6-17-21,564343615,https://vimeo.com/564343615/e14c0f8c69,HIIT Total Body,HIIT Total Body,hiit-total-body,False,False
Hiit56 | Upper Body | with Susie Q | 6-15-21,563772417,https://vimeo.com/563772417/f01323866d,HIIT Upper Body,HIIT Upper Body,hiit-upper-body,False,False
Hiit56 | Lower Body | with Abbie | 6-14-21,562839189,https://vimeo.com/562839189/be62876b51,HIIT Lower Body,HIIT Lower Body,hiit-lower-body,False,False
Hiit56 | Total Body | with Abbie | 6-10-21,561613099,https://vimeo.com/561613099/71aa0c9f63,HIIT Total Body,HIIT Total Body,hiit-total-body,False,False
Hiit56 | Upper Body Mash-Up | with Susie Q | 6-8-21,560630038,https://vimeo.com/560630038/306d2a2bf5,HIIT Upper Body,HIIT Upper Body,hiit-upper-body,False,False
Hiit 56 | Lower Body | with Abbie | 6-7-21,560025232,https://vimeo.com/560025232/5cd9465c29,HIIT Lower Body,HIIT Lower Body,hiit-lower-body,False,False
Hiit 56 | Total Body | with Abbie | 5-27-21,555892503,https://vimeo.com/555892503/cad5aec625,HIIT Total Body,HIIT Total Body,hiit-total-body,False,False
Hiit 56 | lower Body | with Abbie | 5-25-21,554894422,https://vimeo.com/554894422/da20868fc4,HIIT Lower Body,HIIT Lower Body,hiit-lower-body,False,False
Hiit 56 | Total Body | with Abbie | 5-20-21,553141923,https://vimeo.com/553141923/0caef3f5d4,HIIT Total Body,HIIT Total Body,hiit-total-body,False,False
Hiit 56 | Upper Body Mash-Up | with Susie Q | 5-18-21,552153016,https://vimeo.com/552153016/e5c5e81e98,HIIT Upper Body,HIIT Upper Body,hiit-upper-body,False,False
Hiit 56 | Lower Body | with Abbie | 5-17-21,551706802,https://vimeo.com/551706802/9c4afcef40,HIIT Lower Body,HIIT Lower Body,hiit-lower-body,False,False
Hiit 56 | Total Body | with Abbie | 5-13-21,548999507,https://vimeo.com/548999507/fba8dcacfc,HIIT Total Body,HIIT Total Body,hiit-total-body,False,False
Hiit 56 | Upper Body | with Susi Q | 5-11-21,548381871,https://vimeo.com/548381871/c0280b1c20,HIIT Upper Body,HIIT Upper Body,hiit-upper-body,False,False
Hiit 56 | Lower Body | with Abbie | 5-10-21,547761489,https://vimeo.com/547761489/0969df0ee1,HIIT Lower Body,HIIT Lower Body,hiit-lower-body,False,False
Hiit 56 | Total Body Mash-Up | with GiGi | 5-6-21,546205461,https://vimeo.com/546205461/6a4e04a67d,HIIT Total Body,HIIT Total Body,hiit-total-body,False,False
Hiit 56 | Upper Body | with Susie Q | 5-4-21,545253986,https://vimeo.com/545253986/7a48c10658,HIIT Upper Body,HIIT Upper Body,hiit-upper-body,False,False
Hiit 56 | Lower Body | with Abbie | 5-3-21,544638593,https://vimeo.com/544638593/428bf57187,HIIT Lower Body,HIIT Lower Body,hiit-lower-body,False,False
Hiit 56 | Total Body | with Abbie | 4-29-21,543407011,https://vimeo.com/543407011/ab1241bf76,HIIT Total Body,HIIT Total Body,hiit-total-body,False,False
Hiit 56 | Upper Body | with Susie Q | 4-27-21,542375213,https://vimeo.com/542375213/d4052a5300,HIIT Upper Body,HIIT Upper Body,hiit-upper-body,False,False
Hiit 56 | Lower Body | with Abbie | 4-26-21,541854331,https://vimeo.com/541854331/dc63191336,HIIT Lower Body,HIIT Lower Body,hiit-lower-body,False,False
Hiit 56 | Total Body | with Abbie | 4-22-21,540341273,https://vimeo.com/540341273/8ee809ed87,HIIT Total Body,HIIT Total Body,hiit-total-body,False,False
Hiit 56 | Upper Body | with Susie Q | 4-20-21,539394337,https://vimeo.com/539394337/2775a532b3,HIIT Upper Body,HIIT Upper Body,hiit-upper-body,False,False
Hiit 56 | Lower Body | with Abbie | 4-19-21,538924205,https://vimeo.com/538924205/ed3ac06fea,HIIT Lower Body,HIIT Lower Body,hiit-lower-body,False,False
Stretch & Recovery | Throwback Thursday | with Alberto | 4-15-21,537524725,https://vimeo.com/537524725/a86181e97b,Stretch & Recovery,Stretch & Recovery,stretch-recovery,False,False
Hiit 56 | Upper Body | with Susie Q | 4-14-21,536976812,https://vimeo.com/536976812/1e4ef73a9d,HIIT Upper Body,HIIT Upper Body,hiit-upper-body,False,False
Hiit 56 | Lower Body | with Abbie | 4-13-21,536478444,https://vimeo.com/536478444/fa26059213,HIIT Lower Body,HIIT Lower Body,hiit-lower-body,False,False
Hiit 56 | Total Body | with Susie Q | 4/8/21,534465257,https://vimeo.com/534465257/5ab9bf9d45,HIIT Total Body,HIIT Total Body,hiit-total-body,False,False
Hiit 56 | Upper Body | with Susie Q | 4/8/21,534465201,https://vimeo.com/534465201/f8f81940b2,HIIT Upper Body,HIIT Upper Body,hiit-upper-body,False,False
Hiit 56 | Lower Body | with Abbie | 4/5/21,533772029,https://vimeo.com/533772029/e52ea3a7d4,HIIT Lower Body,HIIT Lower Body,hiit-lower-body,False,False
Hiit 56 | Lower Body | with Abbie | 3-29-21,531436913,https://vimeo.com/531436913/7b9eaba936,HIIT Lower Body,HIIT Lower Body,hiit-lower-body,False,False
Hiit 56 | Upper Body | with Susie Q | 3/30/21,531024841,https://vimeo.com/531024841,HIIT Upper Body,HIIT Upper Body,hiit-upper-body,False,False
Hiit 56 | Lower Body | with Abbie | 3-29-21,531024413,https://vimeo.com/531024413/8c4eba54ec,HIIT Lower Body,HIIT Lower Body,hiit-lower-body,False,False
Hiit 56 | Total Body | with Abbie | 3/25/21,529041189,https://vimeo.com/529041189/335995877e,HIIT Total Body,HIIT Total Body,hiit-total-body,False,False
Hiit 21 | Massive Calorie Blast | with Pam | 3/24/21,528527308,https://vimeo.com/528527308/e35dc2033f,HIIT 21,HIIT 21,hiit-21,False,False
Hiit 56 | Upper Body | with Susie Q | 3/23/21,528042739,https://vimeo.com/528042739/317eccc51d,HIIT Upper Body,HIIT Upper Body,hiit-upper-body,False,False
Hiit 56 | Lower Body | with Abbie | 03/22/21,527504921,https://vimeo.com/527504921/4ee5011b39,HIIT Lower Body,HIIT Lower Body,hiit-lower-body,False,False
Hiit 56 | Total Body | with Abbie | 3/18/21,526122690,https://vimeo.com/526122690/d497b03fbc,HIIT Total Body,HIIT Total Body,hiit-total-body,False,False
Hiit 21| Rewind Wednesday | MASSIVE CALORIE BLAST | with Pam | 3/17/21,525072859,https://vimeo.com/525072859/abf5b17baa,HIIT 21,HIIT 21,hiit-21,False,False
Hiit 56 | Upper Body | with Susie Q | 3/16/21,524428945,https://vimeo.com/524428945/98d8ac46a1,HIIT Upper Body,HIIT Upper Body,hiit-upper-body,False,False
Hiit 56 | Lower Body | with Abbie | 3-15-21,523904367,https://vimeo.com/523904367/25a0e68406,HIIT Lower Body,HIIT Lower Body,hiit-lower-body,False,False
Hiit 56 | Total Body | with Abbie | 3/11/21,522501380,https://vimeo.com/522501380/9d81ad6a30,HIIT Total Body,HIIT Total Body,hiit-total-body,False,False
HIIT 21 | MASSIVE CALORIE BLAST | with Pam | 3/10/21,522012514,https://vimeo.com/522012514/d827cfde2b,HIIT 21,HIIT 21,hiit-21,False,False
"Hiit 56 | Upper Body | March Mash-up | with & Susie Q, Pam, & Gi Gi | 3/9/21",521613080,https://vimeo.com/521613080/4760494afd,HIIT Upper Body,HIIT Upper Body,hiit-upper-body,False,False
Hiit 56 | Lower Body | with Abbie | 3/8/21,521116254,https://vimeo.com/521116254/6d60870563,HIIT Lower Body,HIIT Lower Body,hiit-lower-body,False,False
Hiit 56 | Total Body | with Abbie | 3/4/21,519576713,https://vimeo.com/519576713/ef1bd76fdf,HIIT Total Body,HIIT Total Body,hiit-total-body,False,False
HIIT 21 | MASSIVE CALORIE BLAST | with Pam | 3/3/21,519559536,https://vimeo.com/519559536/40416e72c2,HIIT 21,HIIT 21,hiit-21,False,False
Hiit 56 | Upper Body | with & Susie Q | 3-2-21,518805108,https://vimeo.com/518805108/7861af9bbf,HIIT Upper Body,HIIT Upper Body,hiit-upper-body,False,False
Hiit 56 | Lower Body | with Abbie | 3/1/21,518396371,https://vimeo.com/518396371/cf4c1deffa,HIIT Lower Body,HIIT Lower Body,hiit-lower-body,False,False
Hiit 56 | Total Body | with Abbie | 2/25/21,516716081,https://vimeo.com/516716081/e38182148a,HIIT Total Body,HIIT Total Body,hiit-total-body,False,False
HIIT 21 | MASSIVE CALORIE BLAST | Mashup | with Pam | 2-24-21,516383560,https://vimeo.com/516383560/3e46892d33,HIIT 21,HIIT 21,hiit-21,False,False
Hiit 56 | Upper Body | with & Susie Q | 2/23/21,516269287,https://vimeo.com/516269287/c608d75e5c,HIIT Upper Body,HIIT Upper Body,hiit-upper-body,False,False
Hiit 56 | Lower Body | with Abbie | 2/22/21,515479127,https://vimeo.com/515479127/353335749e,HIIT Lower Body,HIIT Lower Body,hiit-lower-body,False,False
HIIT 21 | MASSIVE CALORIE BLAST | with Pam | 2/17/21,514099363,https://vimeo.com/514099363/45b1302c20,HIIT 21,HIIT 21,hiit-21,False,False
"Hiit 56 | Total Body Mash-Up | with GiGi, Susie, & Pam | 2/18/21",514021255,https://vimeo.com/514021255/30c5e071e7,HIIT Total Body,HIIT Total Body,hiit-total-body,False,False
Hiit 56 | Upper Body | with Abbie | 2/16/21,513020709,https://vimeo.com/513020709/1501a38c83,HIIT Upper Body,HIIT Upper Body,hiit-upper-body,False,False
Hiit 56 | Lower Body | with Susie Q | 2/15/21,512613845,https://vimeo.com/512613845/ad948e96e1,HIIT Lower Body,HIIT Lower Body,hiit-lower-body,False,False
Hiit Beginner | Total Body | with Alberto | 2/12/21,511580703,https://vimeo.com/511580703/86f30771d7,HIIT Beginner,HIIT Beginner,hiit-beginner,False,False
Hiit 56 | Total Body | with Abbie | 2/11/21,511396970,https://vimeo.com/511396970/39121688c0,HIIT Total Body,HIIT Total Body,hiit-total-body,False,False
Hiit 56 | Upper Body | with & Susie Q | 2/9/21,510338636,https://vimeo.com/510338636/72ba1a7666,HIIT Upper Body,HIIT Upper Body,hiit-upper-body,False,False
Hiit 56 | Lower Body | with Abbie | 2/8/21,509796232,https://vimeo.com/509796232/8b1db52059,HIIT Lower Body,HIIT Lower Body,hiit-lower-body,False,False
Hiit Beginner | Total Body | with Alberto | 2/5/21,509261162,https://vimeo.com/509261162/5bb96109ed,HIIT Beginner,HIIT Beginner,hiit-beginner,False,False
Hiit 56 | Total Body | with Abbie | 2/4/21,508413427,https://vimeo.com/508413427/4f7e95348e,HIIT Total Body,HIIT Total Body,hiit-total-body,False,False
Hiit 21 | Massive Calorie Blast | with Pam | 2/3/21,508125098,https://vimeo.com/508125098/9227229d7e,HIIT 21,HIIT 21,hiit-21,False,False
Hiit 56 | Upper Body | with & Susie Q | 2/2/21,507979960,https://vimeo.com/507979960/d470e94347,HIIT Upper Body,HIIT Upper Body,hiit-upper-body,False,False
Hiit 56 | Lower Body | with Abbie | 2/1/21,507109428,https://vimeo.com/507109428/920fd3b0df,HIIT Lower Body,HIIT Lower Body,hiit-lower-body,False,False
Hiit 56 | Total Body | with Abbie | 1/28/21,505722277,https://vimeo.com/505722277/0448c7e196,HIIT Total Body,HIIT Total Body,hiit-total-body,False,False
Hiit 21 | Massive Calorie Blast | with Pam | 1/27/21,505215132,https://vimeo.com/505215132/0ebffd1a24,HIIT 21,HIIT 21,hiit-21,False,False
Hiit 56 | Upper Body | with Susie Q | 1/26/21,505044559,https://vimeo.com/505044559/071bc86aad,HIIT Upper Body,HIIT Upper Body,hiit-upper-body,False,False
Hiit 56 | Lower Body | with Abbie | 1/25/21,504362032,https://vimeo.com/504362032/208816b374,HIIT Lower Body,HIIT Lower Body,hiit-lower-body,False,False
Hiit Beginner | Total Body | with Alberto | 1/22/21,503459215,https://vimeo.com/503459215/aee198fae0,HIIT Beginner,HIIT Beginner,hiit-beginner,False,False
Hiit 56 | Total Body | with Abbie | 1/21/21,503161335,https://vimeo.com/503161335/384d8ee0da,HIIT Total Body,HIIT Total Body,hiit-total-body,False,False
Hiit 21 | Massive Calorie Blast | with Pam | 1/20/21,502824003,https://vimeo.com/502824003/83ac9c5037,HIIT 21,HIIT 21,hiit-21,False,False
Hiit 56 | Upper Body | with Susie Q | 1/19/21,502239404,https://vimeo.com/502239404/710519b6a5,HIIT Upper Body,HIIT Upper Body,hiit-upper-body,False,False
Hiit 56 | Lower Body | with Abbie | 1/18/21,501950410,https://vimeo.com/501950410/408797560e,HIIT Lower Body,HIIT Lower Body,hiit-lower-body,False,False
Hiit 56 | Season 2 Premiere | New Year New You! | with Susie Q | 1/9/21,498738636,https://vimeo.com/498738636/3195f693aa,HIIT,HIIT,hiit,False,False
Hiit 56 | Season 2 Premiere | New Year New You! | with Susie Q | 1/9/21,498663068,https://vimeo.com/498663068/8db48a3acb,HIIT,HIIT,hiit,False,False
Hiit 56 | HAPPY THANKSGIVING | Total Body | with Susie Q,484284856,https://vimeo.com/484284856/b282720fdd,HIIT Total Body,HIIT Total Body,hiit-total-body,False,False
"Hiit 56 | Total Body | Freak Week Monster Mash-up | with Pam, Gi Gi, & Susie Q | Halloween",474183012,https://vimeo.com/474183012/bcd9cdeba6,HIIT Total Body,HIIT Total Body,hiit-total-body,False,False
Hiit 56 | Upper Body | with GiGi | 10/30/20,473975832,https://vimeo.com/473975832/248da03e51,HIIT Upper Body,HIIT Upper Body,hiit-upper-body,False,False
Hiit 56 | Upper Body | with Gi Gi | 10/30/20,473881273,https://vimeo.com/473881273/a9ba7439a3,HIIT Upper Body,HIIT Upper Body,hiit-upper-body,False,False
HIIT 21 | MASSIVE CALORIE BLAST | with Pam | 10/28/20,473515084,https://vimeo.com/473515084,HIIT 21,HIIT 21,hiit-21,False,False
Hiit 56 | Lower Body | with Gi Gi | 10/29/20,473414683,https://vimeo.com/473414683/aa9f303426,HIIT Lower Body,HIIT Lower Body,hiit-lower-body,False,False
Hiit Beginner | Total Body | with Alberto | 10/28/20,473011315,https://vimeo.com/473011315/45967ef79b,HIIT Beginner,HIIT Beginner,hiit-beginner,False,False
Kids Hiit Funhouse | Costume Theme | with Coach Tammy,473009176,https://vimeo.com/473009176/d77da582ed,Kids HIIT Funhouse,Kids HIIT Funhouse,kids-hiit-funhouse,False,False
Kids Hiit Funhouse | Animal Theme | with Coach Tammy,472743480,https://vimeo.com/472743480/744f0a67d7,Kids HIIT Funhouse,Kids HIIT Funhouse,kids-hiit-funhouse,False,False
Hiit 56 | Upper Body | with Susie Q | 10/27/20,472567354,https://vimeo.com/472567354/00abb05fa3,HIIT Upper Body,HIIT Upper Body,hiit-upper-body,False,False
Hiit 56 | Lower Body | with Gi Gi | 10/26/20,472210447,https://vimeo.com/472210447/a381ca683b,HIIT Lower Body,HIIT Lower Body,hiit-lower-body,False,False
HIIT 21 | MASSIVE CALORIE BLAST | 7 Minute Edition | with Pam | 10/25/20,471924795,https://vimeo.com/471924795/0b36b43389,HIIT 21,HIIT 21,hiit-21,False,False
Hiit 56 | Get Out & Vote Saturday: The Sequel | with Susie Q | 10/24/20,471787263,https://vimeo.com/471787263/cc8d027457,HIIT,HIIT,hiit,False,False
Stretch & Recovery | with Alberto | 10/23/20,471716712,https://vimeo.com/471716712/e68e95a596,Stretch & Recovery,Stretch & Recovery,stretch-recovery,False,False
Hiit 56 | Get Out & Vote Saturday: The Sequel | with Susie Q | 10/24/20,471715598,https://vimeo.com/471715598/ee0093ea1c,HIIT,HIIT,hiit,False,False
Hiit 56 | Upper Body | with Gi Gi | 10/23/20,471413491,https://vimeo.com/471413491/1f26560f6d,HIIT Upper Body,HIIT Upper Body,hiit-upper-body,False,False
Kids Hiit Funhouse | Superhero the Sequel | with Coach Tammy,471181207,https://vimeo.com/471181207/866a4330bf,Kids HIIT Funhouse,Kids HIIT Funhouse,kids-hiit-funhouse,False,False
Hiit 56 | Lower Body | with Gi Gi | 10/22/20,470974926,https://vimeo.com/470974926/5d58a2617e,HIIT Lower Body,HIIT Lower Body,hiit-lower-body,False,False
"Heavy Hiit | with Renato ""The Brazilian Hercules"" | 10/19/20",470970380,https://vimeo.com/470970380/f00bfc65b9,Heavy HIIT,Heavy HIIT,heavy-hiit,False,False
Hiit Beginner | Total Body | with Alberto | 10/21/20,470612739,https://vimeo.com/470612739/07cbc57f6a,HIIT Beginner,HIIT Beginner,hiit-beginner,False,False
Hiit 21 | Massive Calorie Blast | with Pam | 10/21/20,470571907,https://vimeo.com/470571907/b9eef42f80,HIIT 21,HIIT 21,hiit-21,False,False
Hiit 56 | Upper Body | with GiGi | 10/20/20,470328802,https://vimeo.com/470328802/49c2fb07d2,HIIT Upper Body,HIIT Upper Body,hiit-upper-body,False,False
Kids Hiit Funhouse | with Coach Tammy,470327573,https://vimeo.com/470327573/5245984fa4,Kids HIIT Funhouse,Kids HIIT Funhouse,kids-hiit-funhouse,False,False
Hiit 56 | Upper Body | with Susie Q | 10/20/20,470203605,https://vimeo.com/470203605/dbb797203d,HIIT Upper Body,HIIT Upper Body,hiit-upper-body,False,False
Hiit 21 | Massive Calorie Blast | with Pam | 10/18/20,469466229,https://vimeo.com/469466229/90c687d21f,HIIT 21,HIIT 21,hiit-21,False,False
Hiit 56 | Get Out & Vote Saturday | with Susie Q | 10/17/20,469273210,https://vimeo.com/469273210/5890f729c3,HIIT,HIIT,hiit,False,False
Kids Hiit Funhouse | Thursday Rewind | with Coach Tammy,469088663,https://vimeo.com/469088663/7532856985,Kids HIIT Funhouse,Kids HIIT Funhouse,kids-hiit-funhouse,False,False
"Heavy Hiit | with Renato ""The Brazilian Hercules"" | 10/15/20",469072330,https://vimeo.com/469072330/17600e65ff,Heavy HIIT,Heavy HIIT,heavy-hiit,False,False
Hiit 56 | Upper Body | with Gi Gi | 10/16/20,468928079,https://vimeo.com/468928079/a42e00e13c,HIIT Upper Body,HIIT Upper Body,hiit-upper-body,False,False
Hiit 56 | Lower Body | with Gi Gi | 10/15/20,468568647,https://vimeo.com/468568647/537cbb812e,HIIT Lower Body,HIIT Lower Body,hiit-lower-body,False,False
Hiit 21 | Massive Calorie Blast | with Pam | 10/14//20,468166895,https://vimeo.com/468166895/35b3c565a8,HIIT 21,HIIT 21,hiit-21,False,False
Kids Hiit Funhouse | with Coach Tammy | 10/13/20,467876744,https://vimeo.com/467876744/19f07448ef,Kids HIIT Funhouse,Kids HIIT Funhouse,kids-hiit-funhouse,False,False
Hiit 56 | Upper Body | with Susie Q | 10/12/20,467741004,https://vimeo.com/467741004/e433170414,HIIT Upper Body,HIIT Upper Body,hiit-upper-body,False,False
"Heavy Hiit | with Renato ""The Brazilian Hercules"" | 10/12/20",467726159,https://vimeo.com/467726159/e9693b8fd6,Heavy HIIT,Heavy HIIT,heavy-hiit,False,False
Hiit 56 | Lower Body | with Gi Gi | 10/12/20,467432638,https://vimeo.com/467432638/95cd262fab,HIIT Lower Body,HIIT Lower Body,hiit-lower-body,False,False
Hiit 21 | Massive Calorie Blast | with Pam | 10/11/20,467366276,https://vimeo.com/467366276/8efa80e812,HIIT 21,HIIT 21,hiit-21,False,False
Hiit 56 | New World Saturday | with Susie Q,466857627,https://vimeo.com/466857627/75436a588c,HIIT,HIIT,hiit,False,False
Stretch & Recovery | with Alberto | 10/9/20,466573180,https://vimeo.com/466573180/6aec66eebb,Stretch & Recovery,Stretch & Recovery,stretch-recovery,False,False
Hiit 56 | Upper Body | with Susie Q | 10/9/20,466572418,https://vimeo.com/466572418/1633d3e61b,HIIT Upper Body,HIIT Upper Body,hiit-upper-body,False,False
Kids Hiit Funhouse | Tap It Out | with Coach Tammy,466281762,https://vimeo.com/466281762/8f0f2bc16e,Kids HIIT Funhouse,Kids HIIT Funhouse,kids-hiit-funhouse,False,False
"Heavy Hiit | with Renato ""The Brazilian Hercules"" | 10/8/20",466280832,https://vimeo.com/466280832/bf0c235ea9,Heavy HIIT,Heavy HIIT,heavy-hiit,False,False
Hiit 56 | Lower Body | with Gi Gi | 10/8/20,466206556,https://vimeo.com/466206556/aa69143108,HIIT Lower Body,HIIT Lower Body,hiit-lower-body,False,False
Hiit Mobility | with Alberto | 10/7/20,466012509,https://vimeo.com/466012509/c02b8efc99,HIIT Beginner,HIIT Beginner,hiit-beginner,False,False
Hiit 21 | Massive Calorie Blast | with Pam | 10/7/20,465946602,https://vimeo.com/465946602/557874b3bc,HIIT 21,HIIT 21,hiit-21,False,False
Hiit Mobility | with Alberto | 10/7/20,465794461,https://vimeo.com/465794461/2e519592f7,HIIT Beginner,HIIT Beginner,hiit-beginner,False,False
Hiit 21 | Massive Calorie Blast | with Pam | 10/7/20,465784284,https://vimeo.com/465784284/0afe6b1889,HIIT 21,HIIT 21,hiit-21,False,False
Kids Hiit Funhouse | Bench Mark Tuesday | with Coach Tammy,465517880,https://vimeo.com/465517880/0d904425c5,Kids HIIT Funhouse,Kids HIIT Funhouse,kids-hiit-funhouse,False,False
Hiit 56 | Upper Body | with Susie Q | 10/6/20,465358628,https://vimeo.com/465358628/eff60ebcaf,HIIT Upper Body,HIIT Upper Body,hiit-upper-body,False,False
Stretch & Recovery | with Alberto | 10/2/20,465189246,https://vimeo.com/465189246/7d2b545129,Stretch & Recovery,Stretch & Recovery,stretch-recovery,False,False
"Heavy Hiit | with Renato ""The Brazilian Hercules"" | 10/5/20",465156802,https://vimeo.com/465156802/973f008c79,Heavy HIIT,Heavy HIIT,heavy-hiit,False,False
"Heavy Hiit | with Renato ""The Brazilian Hercules"" | 10/5/20",465017367,https://vimeo.com/465017367/5a5f0c23a3,Heavy HIIT,Heavy HIIT,heavy-hiit,False,False
Hiit 56 | Lower Body | with Gi Gi | 10/5/20,465015431,https://vimeo.com/465015431/f9b2c3ff4a,HIIT Lower Body,HIIT Lower Body,hiit-lower-body,False,False
Hiit 56 | Total Body | with Susie Q | 10/3/20,464526647,https://vimeo.com/464526647/24087ecb76,HIIT Total Body,HIIT Total Body,hiit-total-body,False,False
Hiit 56 | Upper Body | with GiGi | 10/2/20,464229574,https://vimeo.com/464229574/a59f03b93b,HIIT Upper Body,HIIT Upper Body,hiit-upper-body,False,False
Kids Hiit Funhouse | with Coach Tammy,463994250,https://vimeo.com/463994250,Kids HIIT Funhouse,Kids HIIT Funhouse,kids-hiit-funhouse,False,False
"Heavy Hiit | with Renato ""The Brazilian Hercules"" | 10/1/20",463987063,https://vimeo.com/463987063,Heavy HIIT,Heavy HIIT,heavy-hiit,False,False
Kids Hiit Funhouse | with Coach Tammy,463944162,https://vimeo.com/463944162/c805adaf25,Kids HIIT Funhouse,Kids HIIT Funhouse,kids-hiit-funhouse,False,False
"Heavy Hiit | with Renato ""The Brazilian Hercules"" | 10/1/20",463943203,https://vimeo.com/463943203/1df6248e2f,Heavy HIIT,Heavy HIIT,heavy-hiit,False,False
Hiit 56 | Lower Body | with Susie Q | 10/1/20,463914356,https://vimeo.com/463914356/58bb566af6,HIIT Lower Body,HIIT Lower Body,hiit-lower-body,False,False
Hiit 56 | Lower Body | with Susie Q | 10/1/20,463844134,https://vimeo.com/463844134/41501f415d,HIIT Lower Body,HIIT Lower Body,hiit-lower-body,False,False
Hiit Mobility | with Alberto | 9/30/20,463544850,https://vimeo.com/463544850,HIIT Beginner,HIIT Beginner,hiit-beginner,False,False
Hiit 21 | Massive Calorie Blast | with Pam | 9/30/20,463509188,https://vimeo.com/463509188,HIIT 21,HIIT 21,hiit-21,False,False
Hiit Mobility | with Alberto | 9/30/20,463400452,https://vimeo.com/463400452/9c9f537d11,HIIT Beginner,HIIT Beginner,hiit-beginner,False,False
Hiit 21 | Massive Calorie Blast | with Pam | 9/30/20,463399423,https://vimeo.com/463399423/85ed945d55,HIIT 21,HIIT 21,hiit-21,False,False
Kids Hiit Funhouse | Tennis Tuesday | with Coach Tammy,463166223,https://vimeo.com/463166223/b1fd06a1c4,Kids HIIT Funhouse,Kids HIIT Funhouse,kids-hiit-funhouse,False,False
Hiit 56 | Upper Body | with Susie Q | 9/29/20,463056441,https://vimeo.com/463056441/945d8f8b4d,HIIT Upper Body,HIIT Upper Body,hiit-upper-body,False,False
"Heavy Hiit | with Renato ""The Brazilian Hercules"" | 9/28/20",462737328,https://vimeo.com/462737328/534c5030b2,Heavy HIIT,Heavy HIIT,heavy-hiit,False,False
HIIT 21 ABS | MASSIVE CALORIE BLAST | with Pam | 9/27/20,461829905,https://vimeo.com/461829905/0dc817ed9c,HIIT 21,HIIT 21,hiit-21,False,False
Stretch & Recovery | with Alberto | 9/25/20,461810078,https://vimeo.com/461810078/821a81879b,Stretch & Recovery,Stretch & Recovery,stretch-recovery,False,False
Hiit 56 | Upper Body | with GiGi | 9/25/20,461809223,https://vimeo.com/461809223/3812bc2eef,HIIT Upper Body,HIIT Upper Body,hiit-upper-body,False,False
"Hiit 56 | Lower Body Mash-Up | with Pam, GiGi, & Susie Q | 09/28/20",461634417,https://vimeo.com/461634417/bf7c257ef2,HIIT Lower Body,HIIT Lower Body,hiit-lower-body,False,False
Hiit 56 | Saturday Mash-Up | Total Body | with Susie Q | 9/26/20,461634180,https://vimeo.com/461634180/63371c7124,HIIT Total Body,HIIT Total Body,hiit-total-body,False,False
Kids At Home Fit Funhouse | ABs Birthday - It's Coach Tammy's Birthday | with Coach Tammy,461385371,https://vimeo.com/461385371/8f9e505ecf,Kids HIIT Funhouse,Kids HIIT Funhouse,kids-hiit-funhouse,False,False
"Heavy Hiit | with Renato ""The Brazilian Hercules"" | 9/21/20",461384805,https://vimeo.com/461384805/d159f9ac43,Heavy HIIT,Heavy HIIT,heavy-hiit,False,False
Hiit Kickboxing | Advanced | with Trisha | 9/24/20,461384193,https://vimeo.com/461384193/ee42d6c32a,HIIT Kickboxing,HIIT Kickboxing,hiit-kickboxing,False,False
Hiit 56 | Lower Body | with Susie Q | 9/24/20,461382765,https://vimeo.com/461382765/372ee825cd,HIIT Lower Body,HIIT Lower Body,hiit-lower-body,False,False
Hiit Mobility | with Alberto | 9/23/20,461008796,https://vimeo.com/461008796/2aa9681046,HIIT Beginner,HIIT Beginner,hiit-beginner,False,False
Hiit 21 | Massive Calorie Blast | with Pam | 9/23/20,460964637,https://vimeo.com/460964637/4dbf1ce037,HIIT 21,HIIT 21,hiit-21,False,False
Kids Hiit Funhouse | Tornado Tuesday | with Coach Tammy,460707705,https://vimeo.com/460707705/af65b0594a,Kids HIIT Funhouse,Kids HIIT Funhouse,kids-hiit-funhouse,False,False
Hiit 56 | Upper Body | with Susie Q | 9/22/20,460663016,https://vimeo.com/460663016/d11001cef8,HIIT Upper Body,HIIT Upper Body,hiit-upper-body,False,False
Hiit Kickboxing | Beginner & Intermediate | with Trisha | 9/22/20,460540577,https://vimeo.com/460540577/9a5c68f226,HIIT Kickboxing,HIIT Kickboxing,hiit-kickboxing,False,False
Hiit 56 | Upper Body | with Susie Q | 9/22/20,460538141,https://vimeo.com/460538141/487a3786f4,HIIT Upper Body,HIIT Upper Body,hiit-upper-body,False,False
"Heavy Hiit | with Renato ""The Brazilian Hercules"" | 9/21/20",460166694,https://vimeo.com/460166694/5e4342af52,Heavy HIIT,Heavy HIIT,heavy-hiit,False,False
Hiit 56 | Lower Body | with Susie Q | 9/21/20,460164118,https://vimeo.com/460164118/33d7cc8c4b,HIIT Lower Body,HIIT Lower Body,hiit-lower-body,False,False
Hiit 21 | MASSIVE CALORIE BURNER | with Pam | 9/20/20,459898571,https://vimeo.com/459898571/170fb94d5f,HIIT 21,HIIT 21,hiit-21,False,False
Hiit 56 | Shana Tova Saturday | with Susie Q | 9/19/20,459696122,https://vimeo.com/459696122/6e52f3655c,HIIT,HIIT,hiit,False,False
Stretch & Recovery | with Alberto | 9/18/20,459379511,https://vimeo.com/459379511/e6b1f2fd06,Stretch & Recovery,Stretch & Recovery,stretch-recovery,False,False
Hiit 56 | Upper Body | with Susie Q | 9/18/20,459378397,https://vimeo.com/459378397/7d4a61d830,HIIT Upper Body,HIIT Upper Body,hiit-upper-body,False,False
"Heavy Hiit | with Renato ""The Brazilian Hercules"" | 9/17/20",459003209,https://vimeo.com/459003209/f990ee40a8,Heavy HIIT,Heavy HIIT,heavy-hiit,False,False
Hiit Kickboxing | Advanced | with Trisha | 9/17/20,458999485,https://vimeo.com/458999485/c9136a2527,HIIT Kickboxing,HIIT Kickboxing,hiit-kickboxing,False,False
Hiit 56 | Lower Body | with Pam & GiGi | 9/17/20,458957051,https://vimeo.com/458957051/00029f73bb,HIIT Lower Body,HIIT Lower Body,hiit-lower-body,False,False
Hiit Mobility | with Alberto | 9/16/20,458570936,https://vimeo.com/458570936/e9718dae67,HIIT Beginner,HIIT Beginner,hiit-beginner,False,False
Hiit 21 | Massive Calorie Blast | with Pam | 9/16/20,458561425,https://vimeo.com/458561425/13b650281c,HIIT 21,HIIT 21,hiit-21,False,False
Hiit 56 | Upper Body | with Susie Q | 9/15/20,458244460,https://vimeo.com/458244460/4e4ab919fd,HIIT Upper Body,HIIT Upper Body,hiit-upper-body,False,False
Kids Hiit Funhouse | Right Left Tuesday | with Coach Tammy,458124784,https://vimeo.com/458124784/44991f774d,Kids HIIT Funhouse,Kids HIIT Funhouse,kids-hiit-funhouse,False,False
Hiit Kickboxing | Beginner & Intermediate | with Trisha | 9/15/20,458124143,https://vimeo.com/458124143/1938925262,HIIT Kickboxing,HIIT Kickboxing,hiit-kickboxing,False,False
Hiit 56 | Upper Body | with Susie Q | 9/15/20,458113719,https://vimeo.com/458113719/58e3a2abbf,HIIT Upper Body,HIIT Upper Body,hiit-upper-body,False,False
"Heavy Hiit | with Renato ""The Brazilian Hercules"" | 9/14/20",457897188,https://vimeo.com/457897188/f2710df0dc,Heavy HIIT,Heavy HIIT,heavy-hiit,False,False
Hiit 56 | Lower Body | with Gi Gi | 9/14/20,457742076,https://vimeo.com/457742076/372ab7e0cd,HIIT Lower Body,HIIT Lower Body,hiit-lower-body,False,False
Hiit 21 | TOTAL AB DESTROYER | with Pam | 9/13/20,457479070,https://vimeo.com/457479070/b909178c0e,HIIT 21,HIIT 21,hiit-21,False,False
Hiit 56 | Freedom Saturday | with Susie Q | 9/12/20,457250762,https://vimeo.com/457250762/6d4eb00039,HIIT,HIIT,hiit,False,False
Stretch & Recovery | with Alberto | 9/11/20,456952349,https://vimeo.com/456952349/532f21530c,Stretch & Recovery,Stretch & Recovery,stretch-recovery,False,False
Hiit 56 | Upper Body | with GiGi | 9/11/20,456932077,https://vimeo.com/456932077/d7fa033c23,HIIT Upper Body,HIIT Upper Body,hiit-upper-body,False,False
Kids At Home Fit Funhouse |  Mix It Up Thursday | with Tammy | 9/10/20,456575531,https://vimeo.com/456575531/c49ae76df8,Kids HIIT Funhouse,Kids HIIT Funhouse,kids-hiit-funhouse,False,False
"Heavy Hiit | with Renato ""The Brazilian Hercules"" | 9/10/20",456573833,https://vimeo.com/456573833/a93582231e,Heavy HIIT,Heavy HIIT,heavy-hiit,False,False
Hiit Kickboxing | Advanced | with Trisha | 9/10/20,456573019,https://vimeo.com/456573019/72ada91b2a,HIIT Kickboxing,HIIT Kickboxing,hiit-kickboxing,False,False
Hiit 56 | Lower Body | with Susie Q | 9/10/20,456571831,https://vimeo.com/456571831/de72538844,HIIT Lower Body,HIIT Lower Body,hiit-lower-body,False,False
Hiit Mobility | with Alberto | 9/9/20,456209675,https://vimeo.com/456209675/8421f09727,HIIT Beginner,HIIT Beginner,hiit-beginner,False,False
Hiit 21 | Massive Calorie Blast | with Pam | 9/9/20,456152584,https://vimeo.com/456152584/5e6ace6739,HIIT 21,HIIT 21,hiit-21,False,False
Hiit Kickboxing | Beginner & Intermediate | with Trisha | 9/8/20,455960341,https://vimeo.com/455960341/b65133b52e,HIIT Kickboxing,HIIT Kickboxing,hiit-kickboxing,False,False
Kids At Home Fit Funhouse | Jump into Tuesday | with Tammy,455931501,https://vimeo.com/455931501/92a531426d,Kids HIIT Funhouse,Kids HIIT Funhouse,kids-hiit-funhouse,False,False
Hiit 56 | Upper Body | with Susie Q | 9/8/20,455911744,https://vimeo.com/455911744/5439ea004f,HIIT Upper Body,HIIT Upper Body,hiit-upper-body,False,False
"Heavy Hiit | with Renato ""The Brazilian Hercules"" | 9/7/20",455522212,https://vimeo.com/455522212/4655b07e10,Heavy HIIT,Heavy HIIT,heavy-hiit,False,False
Hiit 56 | LABOR DAY MASH-UP | with GiGi & Susie Q,455110721,https://vimeo.com/455110721/867ec8b0f2,HIIT,HIIT,hiit,False,False
Hiit 21 | MASSIVE CALORIE BURNER | with Pam | 9/6/20,455081961,https://vimeo.com/455081961/639b4c1c9c,HIIT 21,HIIT 21,hiit-21,False,False
Hiit Class | Hawaiian Saturday | Total Body | with Susie Q | 9/5/20,455038753,https://vimeo.com/455038753/50144b0058,HIIT Class Archives,HIIT Total Body,hiit-total-body,False,True
Kids Hiit Funhouse | Labor Day Lunges | with Coach Tammy,454877098,https://vimeo.com/454877098/dba6674a27,Kids HIIT Funhouse,Kids HIIT Funhouse,kids-hiit-funhouse,False,False
"Heavy Hiit | with Renato ""The Brazilian Hercules"" | 9/3/20",454864448,https://vimeo.com/454864448/6c352ee1a3,Heavy HIIT,Heavy HIIT,heavy-hiit,False,False
Hiit Kickboxing | Advanced | with Trisha | 9/3/20,454864162,https://vimeo.com/454864162/55b9aaab8d,HIIT Kickboxing,HIIT Kickboxing,hiit-kickboxing,False,False
Hiit 56 | Upper Body | with GiGi | 9/4/20,454774043,https://vimeo.com/454774043/1f5fd92760,HIIT Upper Body,HIIT Upper Body,hiit-upper-body,False,False
Hiit 56 | Lower Body | with Susie Q | 9/3/20,454578946,https://vimeo.com/454578946/baa614fe7b,HIIT Lower Body,HIIT Lower Body,hiit-lower-body,False,False
Hiit 56 | Lower Body | with Susie Q | 9/3/20,454554389,https://vimeo.com/454554389/2db7397dff,HIIT Lower Body,HIIT Lower Body,hiit-lower-body,False,False
Hiit Mobility | with Alberto | 9/2/20,454174824,https://vimeo.com/454174824/01751ad87d,HIIT Beginner,HIIT Beginner,hiit-beginner,False,False
Hiit 56 | Upper Body | with Susie Q | 9/1/20,453737909,https://vimeo.com/453737909/8f29b1010a,HIIT Upper Body,HIIT Upper Body,hiit-upper-body,False,False
Kids Hiit Funhouse | Walk the Plank...Arrr! | with Coach Tammy,453660953,https://vimeo.com/453660953/25bb761cdc,Kids HIIT Funhouse,Kids HIIT Funhouse,kids-hiit-funhouse,False,False
Hiit Kickboxing | Beginner/Intermediate | with Trisha | 9/1/20,453647215,https://vimeo.com/453647215/1d9404b026,HIIT Kickboxing,HIIT Kickboxing,hiit-kickboxing,False,False
"Heavy Hiit | with Renato ""The Brazilian Hercules"" | 8/31/20",453272791,https://vimeo.com/453272791/6405acc763,Heavy HIIT,Heavy HIIT,heavy-hiit,False,False
Hiit 56 | Lower Body | with Pam | 8/31/20,453264589,https://vimeo.com/453264589/9f4416cfd4,HIIT Lower Body,HIIT Lower Body,hiit-lower-body,False,False
Hiit 21 | Massive Calorie Blast | with Pam | 8/30/20,453033419,https://vimeo.com/453033419/f44386132b,HIIT 21,HIIT 21,hiit-21,False,False
Hiit Class | with Susie Q | 8/29/20,452849428,https://vimeo.com/452849428/e3cc2f8db5,HIIT Class Archives,HIIT,hiit,False,True
Stretch & Recovery | with Alberto | 8/28/20,452554265,https://vimeo.com/452554265/729cbbb749,Stretch & Recovery,Stretch & Recovery,stretch-recovery,False,False
Hiit Class | Upper Body | with GiGi | 8/28/20,452553431,https://vimeo.com/452553431/fb2cd1a8e5,HIIT Class Archives,HIIT Upper Body,hiit-upper-body,False,True
Kids Hiit Funhouse | Double Trouble | with Coach Tammy,452045403,https://vimeo.com/452045403/cb9c8fe4d4,Kids HIIT Funhouse,Kids HIIT Funhouse,kids-hiit-funhouse,False,False
Hiit Kickboxing | Advanced | with Trisha | 8/27/20,452037893,https://vimeo.com/452037893/6011287a45,HIIT Kickboxing,HIIT Kickboxing,hiit-kickboxing,False,False
Hiit Class | Lower Body | with Susie Q | 8/27/20,452037346,https://vimeo.com/452037346/745476d7d7,HIIT Class Archives,HIIT Lower Body,hiit-lower-body,False,True
Hiit Stretch | with Alberto | 8/26/20,451918027,https://vimeo.com/451918027/1328471701,HIIT,HIIT,hiit,False,False
Hiit 21 | Massive Calorie Blast | with Pam | 8/26/20,451857335,https://vimeo.com/451857335/1a6e402637,HIIT 21,HIIT 21,hiit-21,False,False
Kids Hiit Funhouse | CUTENESS OVERLOAD | with Coach Tammy,451517392,https://vimeo.com/451517392/7f0fc98003,Kids HIIT Funhouse,Kids HIIT Funhouse,kids-hiit-funhouse,False,False
Hiit Kickboxing | Beginner/Intermediate | with Trisha | 8/25/20,451473688,https://vimeo.com/451473688/d016f30b09,HIIT Kickboxing,HIIT Kickboxing,hiit-kickboxing,False,False
Hiit Class | Upper Body | with Susie Q | 8/25/20,451472332,https://vimeo.com/451472332/701fe27a4c,HIIT Class Archives,HIIT Upper Body,hiit-upper-body,False,True
"Heavy Hiit | Back - Biceps - Core | with Renato ""The Brazilian Hercules"" | 8/24/20",451171425,https://vimeo.com/451171425/2a732e26bf,Heavy HIIT,Heavy HIIT,heavy-hiit,False,False
Hiit Class | Lower Body | with GiGi | 8/24/20,451165033,https://vimeo.com/451165033/72bd87672e,HIIT Class Archives,HIIT Lower Body,hiit-lower-body,False,True
Hiit 21 | EPIC TOTAL BODY BLAST MASH-UP | with Pam,450686979,https://vimeo.com/450686979/64f4dfac2e,HIIT 21,HIIT 21,hiit-21,False,False
Hiit Class | CRAZY HAIR SATURDAY | Total Body | with Susie Q,450496967,https://vimeo.com/450496967/6400620f22,HIIT Class Archives,HIIT Total Body,hiit-total-body,False,True
Stretch & Recovery | with Alberto | 8/21/20,450097136,https://vimeo.com/450097136/86d82de45d,Stretch & Recovery,Stretch & Recovery,stretch-recovery,False,False
Hiit Class | Upper Body | with GiGi | 8/21/20,450095349,https://vimeo.com/450095349/7cea226b08,HIIT Class Archives,HIIT Upper Body,hiit-upper-body,False,True
Kids Hiit Funhouse | Pump Up the End of Summer | with Coach Tammy,449854091,https://vimeo.com/449854091/7f147dfe2a,Kids HIIT Funhouse,Kids HIIT Funhouse,kids-hiit-funhouse,False,False
Kids Hiit Funhouse | Pump Up the End of Summer | with Coach Tammy,449688007,https://vimeo.com/449688007/5d2918c38c,Kids HIIT Funhouse,Kids HIIT Funhouse,kids-hiit-funhouse,False,False
"Heavy Hiit | with Renato ""The Brazilian Hercules"" | 8/20/20",449686698,https://vimeo.com/449686698/0883c3fd2f,Heavy HIIT,Heavy HIIT,heavy-hiit,False,False
Hiit Kickboxing | Advanced | with Trisha | 8/20/20,449685769,https://vimeo.com/449685769/2bb2968f50,HIIT Kickboxing,HIIT Kickboxing,hiit-kickboxing,False,False
Hiit Class | Lower Body | with Susie Q | 8/20/20,449681715,https://vimeo.com/449681715/181b762612,HIIT Class Archives,HIIT Lower Body,hiit-lower-body,False,True
Hiit 21 | Massive Calorie Blast | with Pam | 8/19/20,449348684,https://vimeo.com/449348684/b92873426b,HIIT 21,HIIT 21,hiit-21,False,False
Hiit Stretch | with Alberto | 8/19/20,449285069,https://vimeo.com/449285069/21a5db130b,HIIT,HIIT,hiit,False,False
Hiit Kickboxing | Beginner/Intermediate | with Trisha | 8/18/20,448895118,https://vimeo.com/448895118/daa44567f9,HIIT Kickboxing,HIIT Kickboxing,hiit-kickboxing,False,False
Hiit Class | Upper Body | with Susie Q | 8/18/20,448892204,https://vimeo.com/448892204/e21b95c3f7,HIIT Class Archives,HIIT Upper Body,hiit-upper-body,False,True
"Heavy Hiit | with Renato ""The Brazilian Hercules"" | 8/17/20",448417904,https://vimeo.com/448417904/41114821d9,Heavy HIIT,Heavy HIIT,heavy-hiit,False,False
Hiit Class | Lower Body | with GiGi | 8/17/20,448417596,https://vimeo.com/448417596/8b811c5ab8,HIIT Class Archives,HIIT Lower Body,hiit-lower-body,False,True
Hiit 21 | Massive Calorie Blast | with Pam | 08/16/20,448271893,https://vimeo.com/448271893/901fda8e64,HIIT 21,HIIT 21,hiit-21,False,False
Hiit Class | SOCK IT TO ME SATURDAY | Total Body | with Susie Q,448091138,https://vimeo.com/448091138/f6f8fc2506,HIIT Class Archives,HIIT Total Body,hiit-total-body,False,True
Stretch & Recovery | with Alberto | 8/14/20,447979700,https://vimeo.com/447979700/1240f188ec,Stretch & Recovery,Stretch & Recovery,stretch-recovery,False,False
Hiit Class | Lower Body | with Susie Q | 8/13/20,447907113,https://vimeo.com/447907113/2f5fc12fc8,HIIT Class Archives,HIIT Lower Body,hiit-lower-body,False,True
Hiit Class | Upper Body | with GiGi | 8/14/20,447860845,https://vimeo.com/447860845/169c8aed73,HIIT Class Archives,HIIT Upper Body,hiit-upper-body,False,True
Kids Hiit Funhouse | Heat n' Speed | with Coach Tammy,447595698,https://vimeo.com/447595698/b431895342,Kids HIIT Funhouse,Kids HIIT Funhouse,kids-hiit-funhouse,False,False
"Heavy Hiit | with Renato ""The Brazilian Hercules"" | 8/13/20",447580044,https://vimeo.com/447580044/af5ee65b3e,Heavy HIIT,Heavy HIIT,heavy-hiit,False,False
Hiit Kickboxing | Advanced | with Trisha | 8/13/20,447540911,https://vimeo.com/447540911/f9f69c9906,HIIT Kickboxing,HIIT Kickboxing,hiit-kickboxing,False,False
Hiit Stretch | with Alberto | 8/11/20,447250711,https://vimeo.com/447250711,HIIT,HIIT,hiit,False,False
Kids Fit Hiit | Heat Up & Repeat | with Tammy,447149782,https://vimeo.com/447149782/24102a2a64,Other/Unsorted,Kids HIIT Funhouse,kids-hiit-funhouse,True,False
Insanity 21 | Massive Calorie Blast | with Pam | 8/12/20,447149191,https://vimeo.com/447149191/e53b33a5fa,HIIT 21,HIIT 21,hiit-21,False,False
Hiit Kickboxing | Beginner & Intermediate | with Trisha | 8/11/20,447114661,https://vimeo.com/447114661,HIIT Kickboxing,HIIT Kickboxing,hiit-kickboxing,False,False
Hiit Class | |Upper Body | with Susie Q | 8/11/20,446895781,https://vimeo.com/446895781/4aa36c4edd,HIIT Class Archives,HIIT Upper Body,hiit-upper-body,False,True
"Heavy Hiit | with Renato ""The Brazilian Hercules"" | 8/10/20",446353237,https://vimeo.com/446353237/0dfab7ee14,Heavy HIIT,Heavy HIIT,heavy-hiit,False,False
Hiit Class | Lower Body | with Pam | 8/10/20,446352845,https://vimeo.com/446352845/6b429d3eb0,HIIT Class Archives,HIIT Lower Body,hiit-lower-body,False,True
Insanity 21 | Massive Calorie Blast | with Pam | 8/9/20,446225242,https://vimeo.com/446225242/278bacfb2e,HIIT 21,HIIT 21,hiit-21,False,False
Hiit Class | ROCK N ROLL SATURDAY | Total Body | with Susie Q,445809865,https://vimeo.com/445809865/24787ee30f,HIIT Class Archives,HIIT Total Body,hiit-total-body,False,True
Stretch & Recovery | with Alberto | 8/7/20,445528108,https://vimeo.com/445528108/37fd7bb870,Stretch & Recovery,Stretch & Recovery,stretch-recovery,False,False
Hiit Class | with GiGi | 8/7/20,445526743,https://vimeo.com/445526743/579ac00688,HIIT Class Archives,HIIT,hiit,False,True
Kids At Home Fit Funhouse |  Amp It Up Wrap It Up | with Coach Tammy,445221697,https://vimeo.com/445221697/bb2bc22421,Kids HIIT Funhouse,Kids HIIT Funhouse,kids-hiit-funhouse,False,False
"X-Fit | with Renato ""The Brazilian Hercules"" | 8/6/20",445218744,https://vimeo.com/445218744/581a857142,Heavy HIIT,Heavy HIIT,heavy-hiit,False,False
Fit As a Fighter | with Trisha | 8/6/20,445217933,https://vimeo.com/445217933/b31ed511f3,HIIT Kickboxing,HIIT Kickboxing,hiit-kickboxing,False,False
Hiit Class | with Susie Q | 8/6/20,445213985,https://vimeo.com/445213985/b79eddd2db,HIIT Class Archives,HIIT,hiit,False,True
Stretch & Recovery | with Alberto | 8/5/20,444888602,https://vimeo.com/444888602/a0d291f5b5,Stretch & Recovery,Stretch & Recovery,stretch-recovery,False,False
Insanity 21 | Massive Calorie Blast | with Pam | 8/5/20,444886185,https://vimeo.com/444886185/f3d68d43ca,HIIT 21,HIIT 21,hiit-21,False,False
Kids At Home Fit Funhouse | |Soccer Theme | with Coach Tammy,444550573,https://vimeo.com/444550573/15b09eeac1,Kids HIIT Funhouse,Kids HIIT Funhouse,kids-hiit-funhouse,False,False
Fit As a Fighter | with Trisha | 8/4/20,444549554,https://vimeo.com/444549554/8262aa0bdd,HIIT Kickboxing,HIIT Kickboxing,hiit-kickboxing,False,False
Hiit Class | with Susie Q | 8/4/20,444548924,https://vimeo.com/444548924/19629b7278,HIIT Class Archives,HIIT,hiit,False,True
"X-Fit | with Renato ""The Brazilian Hercules"" | 8/3/20",444381777,https://vimeo.com/444381777/a877af39e5,Heavy HIIT,Heavy HIIT,heavy-hiit,False,False
Hiit Class | with GiGi | 8/3/20,444217067,https://vimeo.com/444217067/2b97922291,HIIT Class Archives,HIIT,hiit,False,True
Insanity 21 | Massive Calorie Blast | with Pam | 8/2/20,443990277,https://vimeo.com/443990277/7afb36d962,HIIT 21,HIIT 21,hiit-21,False,False
"Hiit Class | Sexy Saturday | with Susie Q, GiGi, & Pam | 8/1/20",443769714,https://vimeo.com/443769714/2a265e50a3,HIIT Class Archives,HIIT,hiit,False,True
Stretch & Recovery | with Alberto | 7/31/20,443386220,https://vimeo.com/443386220/21a498b820,Stretch & Recovery,Stretch & Recovery,stretch-recovery,False,False
Hiit Class | with GiGi | 7/31/20,443385717,https://vimeo.com/443385717/d95e3eda8a,HIIT Class Archives,HIIT,hiit,False,True
Kids At Home Fit Funhouse | Zumba | with Coach Tammy,443050423,https://vimeo.com/443050423/33bb3337cb,Kids HIIT Funhouse,Kids HIIT Funhouse,kids-hiit-funhouse,False,False
"X-Fit | with Renato ""The Brazilian Hercules"" | 7/30/20",443049949,https://vimeo.com/443049949/bb38199765,Heavy HIIT,Heavy HIIT,heavy-hiit,False,False
Fit As a Fighter | with Trisha | 7/30/20,443049269,https://vimeo.com/443049269/f8790a55c5,HIIT Kickboxing,HIIT Kickboxing,hiit-kickboxing,False,False
Hiit Class | with Pam & GiGi | 7/30/20,443048469,https://vimeo.com/443048469/d3faab69c5,HIIT Class Archives,HIIT,hiit,False,True
Stretch & Recovery | with Alberto | 7/29/20,442717968,https://vimeo.com/442717968/5dc2835c08,Stretch & Recovery,Stretch & Recovery,stretch-recovery,False,False
Insanity 21 | Massive Calorie Blast | with Pam | 7/29/20,442713710,https://vimeo.com/442713710/017d98a4ae,HIIT 21,HIIT 21,hiit-21,False,False
Hiit Class | with Pam & GiGi | 7/28/20,442375626,https://vimeo.com/442375626/93d4f107eb,HIIT Class Archives,HIIT,hiit,False,True
Kids At Home Fit Funhouse | with Coach Tammy,442328405,https://vimeo.com/442328405/6aa11fd05b,Kids HIIT Funhouse,Kids HIIT Funhouse,kids-hiit-funhouse,False,False
Fit As a Fighter | with Trisha | 7/28/20,442326557,https://vimeo.com/442326557/6de9296a60,HIIT Kickboxing,HIIT Kickboxing,hiit-kickboxing,False,False
"X-Fit | with Renato ""The Brazilian Hercules"" | 7/27/20",442127704,https://vimeo.com/442127704/abeb8171a4,Heavy HIIT,Heavy HIIT,heavy-hiit,False,False
Hiit Class | with Pam & GiGi | 7/27/20,442045277,https://vimeo.com/442045277/37168c8e12,HIIT Class Archives,HIIT,hiit,False,True
Insanity 21 | Massive Calorie Blast | with Pam | 7/26/20,441782238,https://vimeo.com/441782238/aee2053c82,HIIT 21,HIIT 21,hiit-21,False,False
Hiit Class | Sweaty Saturday! | with GiGi | 7/25/20,441587118,https://vimeo.com/441587118/6110a7bdbd,HIIT Class Archives,HIIT,hiit,False,True
Stretch & Recovery | with Alberto | 7/24/20,441344030,https://vimeo.com/441344030/41771cd563,Stretch & Recovery,Stretch & Recovery,stretch-recovery,False,False
Hiit Class | with Pam & Tammy | 7/24/20,441342086,https://vimeo.com/441342086/021d0a8b46,HIIT Class Archives,HIIT,hiit,False,True
Kids At Home Fit Funhouse | 45 Second Thursday | with Coach Tammy,440963090,https://vimeo.com/440963090/13451b8cfe,Kids HIIT Funhouse,Kids HIIT Funhouse,kids-hiit-funhouse,False,False
"X-Fit | with Renato ""The Brazilian Hercules"" | 7/23/20",440961758,https://vimeo.com/440961758/f8a125a2a6,Heavy HIIT,Heavy HIIT,heavy-hiit,False,False
Fit As a Fighter | with Trisha | 7/23/20,440961264,https://vimeo.com/440961264/6e08445505,HIIT Kickboxing,HIIT Kickboxing,hiit-kickboxing,False,False
Hiit Class | with Gi Gi | 7/23/20,440960500,https://vimeo.com/440960500/b26957aff0,HIIT Class Archives,HIIT,hiit,False,True
Stretch & Recovery | with Alberto | 7/22/20,440661499,https://vimeo.com/440661499/ae8eef520e,Stretch & Recovery,Stretch & Recovery,stretch-recovery,False,False
Ab Lab | with Emily | 7/22/20,440660030,https://vimeo.com/440660030/07303031b3,Ab Lab,Ab Lab,ab-lab,False,False
Insanity 21 | Massive Calorie Blast | with Pam | 7/22/20,440651436,https://vimeo.com/440651436/fb31efb67f,HIIT 21,HIIT 21,hiit-21,False,False
Kids At Home Fit Funhouse | DC Superhero Theme | with Coach Tammy,440452771,https://vimeo.com/440452771,Kids HIIT Funhouse,Kids HIIT Funhouse,kids-hiit-funhouse,False,False
Fit As a Fighter | with Trisha | 7/21/20,440330230,https://vimeo.com/440330230/dee90c680a,HIIT Kickboxing,HIIT Kickboxing,hiit-kickboxing,False,False
Hiit Class | with GiGi | 7/21/20,440329096,https://vimeo.com/440329096/b0e223dff4,HIIT Class Archives,HIIT,hiit,False,True
"X-Fit | with Renato ""The Brazilian Hercules"" | 7/20/20",439979818,https://vimeo.com/439979818/379edd4531,Heavy HIIT,Heavy HIIT,heavy-hiit,False,False
Hiit Class | with GiGi | 7/20/20,439979224,https://vimeo.com/439979224/82db4c3338,HIIT Class Archives,HIIT,hiit,False,True
Yoga Flow | with Robyn | 7/20/20,439977134,https://vimeo.com/439977134/3a962dfe9b,Yoga Flow,Yoga Flow,yoga-flow,False,False
Fiit Yoga | with Robyn | 7/20/20,439974408,https://vimeo.com/439974408/a62b4417fd,HIIT Yoga,HIIT Yoga,hiit-yoga,False,False
Insanity 21 | Massive Calorie Blast | with Tammy | 7/19/20,439736165,https://vimeo.com/439736165/3ec4b99da3,HIIT 21,HIIT 21,hiit-21,False,False
Hiit Class | Tag Team Saturday | with GiGi & Tammy,439536294,https://vimeo.com/439536294/ad6ae1a864,HIIT Class Archives,HIIT,hiit,False,True
Stretch & Recovery | with Alberto | 7/17/20,439231745,https://vimeo.com/439231745/59c6896596,Stretch & Recovery,Stretch & Recovery,stretch-recovery,False,False
Hiit Class | with Trisha & GiGi | 7/17/20,439230736,https://vimeo.com/439230736/2659484ff4,HIIT Class Archives,HIIT,hiit,False,True
Kids At Home Fit Funhouse | Tie Dye T-Shirt Day | with Coach Tammy,438929186,https://vimeo.com/438929186/b8c76adbb7,Kids HIIT Funhouse,Kids HIIT Funhouse,kids-hiit-funhouse,False,False
"X-Fit | with Renato ""The Brazilian Hercules"" | 7/16/20",438922785,https://vimeo.com/438922785/568ebf5968,Heavy HIIT,Heavy HIIT,heavy-hiit,False,False
Fit As a Fighter | with Trisha | 7/16/20,438915953,https://vimeo.com/438915953/5428a92f13,HIIT Kickboxing,HIIT Kickboxing,hiit-kickboxing,False,False
Hiit Class | with GiGi | 7/16/20,438909076,https://vimeo.com/438909076/707cff2ed9,HIIT Class Archives,HIIT,hiit,False,True
"Insanity 21 | Massive Calorie Blast | with Renato ""The Brazilian Hercules"" | 7/15/20",438534756,https://vimeo.com/438534756/6d76c93cec,HIIT 21,HIIT 21,hiit-21,False,False
Kids At Home Fit Funhouse | College T-Shirt Day | with Coach Tammy,438295753,https://vimeo.com/438295753/c66af7e4a2,Kids HIIT Funhouse,Kids HIIT Funhouse,kids-hiit-funhouse,False,False
Fit As a Fighter | with Trisha | 7/14/20,438179972,https://vimeo.com/438179972/8950f315c5,HIIT Kickboxing,HIIT Kickboxing,hiit-kickboxing,False,False
Hiit Class | with Trisha | 7/14/20,438179027,https://vimeo.com/438179027/50e2c09216,HIIT Class Archives,HIIT,hiit,False,True
"X-Fit | with Renato ""The Brazilian Hercules"" | 7/13/20",437842200,https://vimeo.com/437842200/869b0f045e,Heavy HIIT,Heavy HIIT,heavy-hiit,False,False
Yoga Flow | with Robyn | 7/13/20,437841707,https://vimeo.com/437841707/ccdec9d8ba,Yoga Flow,Yoga Flow,yoga-flow,False,False
Fiit Yoga | with Robyn | 7/13/20,437841068,https://vimeo.com/437841068/c22e638ef9,HIIT Yoga,HIIT Yoga,hiit-yoga,False,False
Hiit Class | with GiGi | 7/13/20,437839806,https://vimeo.com/437839806/b9cdeba588,HIIT Class Archives,HIIT,hiit,False,True
Stretch & Recovery | with Alberto | 7/12/20,437632013,https://vimeo.com/437632013/8f42c300ef,Stretch & Recovery,Stretch & Recovery,stretch-recovery,False,False
Insanity 21 | Massive Calorie Blast | with Pam | 7/12/20,437610556,https://vimeo.com/437610556/68b6a7b733,HIIT 21,HIIT 21,hiit-21,False,False
Stretch & Recovery | with Alberto | 7/10/20,437491419,https://vimeo.com/437491419,Stretch & Recovery,Stretch & Recovery,stretch-recovery,False,False
"X-Fit | with Renato ""The Brazilian Hercules"" | 7/9/20",437464469,https://vimeo.com/437464469,Heavy HIIT,Heavy HIIT,heavy-hiit,False,False
Fit As a Fighter | with Trisha | 7/9/20,437443764,https://vimeo.com/437443764,HIIT Kickboxing,HIIT Kickboxing,hiit-kickboxing,False,False
Hiit Class | Sweatfest Saturday | with GiGi,437413566,https://vimeo.com/437413566/1b49ab5d3a,HIIT Class Archives,HIIT,hiit,False,True
Hiit Class | with GiGi | 7/10/20,437281233,https://vimeo.com/437281233,HIIT Class Archives,HIIT,hiit,False,True
Kids At Home Fit Funhouse | Summer Time Workout & Sweat | with Coach Tammy,436903701,https://vimeo.com/436903701/ef2e924661,Kids HIIT Funhouse,Kids HIIT Funhouse,kids-hiit-funhouse,False,False
Hiit Class | with special guest instructor Trisha | 7/9/20,436701536,https://vimeo.com/436701536/7cd0dd1471,HIIT Class Archives,HIIT,hiit,False,True
Insanity 21 | Massive Calorie Blast | with Pam | 7/8/20,436465980,https://vimeo.com/436465980/b633bc65ca,HIIT 21,HIIT 21,hiit-21,False,False
Kids At Home Fit Funhouse | Basketball Theme | with Tammy,436227708,https://vimeo.com/436227708,Kids HIIT Funhouse,Kids HIIT Funhouse,kids-hiit-funhouse,False,False
Fit As a Fighter | with Trisha | 7/7/20,436079477,https://vimeo.com/436079477/73febc5449,HIIT Kickboxing,HIIT Kickboxing,hiit-kickboxing,False,False
Hiit Class | with Susie Q | 7/7/20,436078535,https://vimeo.com/436078535/5b39a3736c,HIIT Class Archives,HIIT,hiit,False,True
"X-Fit | with Renato ""The Brazilian Hercules"" |7/6/20",435828232,https://vimeo.com/435828232/ba574023e9,Heavy HIIT,Heavy HIIT,heavy-hiit,False,False
Yoga Flow | with Robyn | 7/6/20,435819113,https://vimeo.com/435819113/cadca19870,Yoga Flow,Yoga Flow,yoga-flow,False,False
Hiit Class | with Susie Q | 7/6/20,435773893,https://vimeo.com/435773893/613e8f18ba,HIIT Class Archives,HIIT,hiit,False,True
Stretch & Recovery | with Alberto | 7/5/20,435504762,https://vimeo.com/435504762/ad21100e4a,Stretch & Recovery,Stretch & Recovery,stretch-recovery,False,False
Insanity 21 | Massive Calorie Blast | with Pam | 7/5/20,435498591,https://vimeo.com/435498591/740f5f4a61,HIIT 21,HIIT 21,hiit-21,False,False
Hiit Class | with Susie Q | 7/4/20,435313624,https://vimeo.com/435313624,HIIT Class Archives,HIIT,hiit,False,True
"X-Fit | with Renato ""The Brazilian Hercules"" | 7/2/2",435170897,https://vimeo.com/435170897/e5e1322c71,Heavy HIIT,Heavy HIIT,heavy-hiit,False,False
Stretch & Recovery | with Alberto | 7/3/20,435069666,https://vimeo.com/435069666/bfab2b0d0e,Stretch & Recovery,Stretch & Recovery,stretch-recovery,False,False
Hiit Class | with Susie Q | 7/3/20,435067639,https://vimeo.com/435067639/b661ceb195,HIIT Class Archives,HIIT,hiit,False,True
Hiit Class | with Susie Q | 7/2/20,434871097,https://vimeo.com/434871097,HIIT Class Archives,HIIT,hiit,False,True
"Kids At Home Fit Funhouse | Stars & Stripes Red, White, & Blue with Coach Tammy",434822974,https://vimeo.com/434822974/e2ba38c4f2,Kids HIIT Funhouse,Kids HIIT Funhouse,kids-hiit-funhouse,False,False
Fit As a Fighter | with Trisha | 7/2/20,434795913,https://vimeo.com/434795913/8b7a64226d,HIIT Kickboxing,HIIT Kickboxing,hiit-kickboxing,False,False
Ab Lab | with Emily | 7/1/20,434331418,https://vimeo.com/434331418/6be792a1f6,Ab Lab,Ab Lab,ab-lab,False,False
Insanity 21 | Massive Calorie Blast | with Pam | 7/1/20,434330858,https://vimeo.com/434330858/bc211eab2d,HIIT 21,HIIT 21,hiit-21,False,False
Kids At Home Fit Funhouse | Mathematics Tuesday | with Coach Tammy,434090739,https://vimeo.com/434090739/f4680fa465,Kids HIIT Funhouse,Kids HIIT Funhouse,kids-hiit-funhouse,False,False
Fit As a Fighter | with Trisha | 6/30/20,433998435,https://vimeo.com/433998435/c745ee26d8,HIIT Kickboxing,HIIT Kickboxing,hiit-kickboxing,False,False
Hiit Class | with Susie Q | 6/30/20,433997178,https://vimeo.com/433997178/dbbcf042a7,HIIT Class Archives,HIIT,hiit,False,True
"X-Fit | with Renato ""The Brazilian Hercules"" | 6/29/20",433640042,https://vimeo.com/433640042/85e6aec82e,Heavy HIIT,Heavy HIIT,heavy-hiit,False,False
Yoga Flow | with Robyn | 6/29/20,433639646,https://vimeo.com/433639646/5676681858,Yoga Flow,Yoga Flow,yoga-flow,False,False
Fiit Yoga | with Robyn | 6/29/20,433634160,https://vimeo.com/433634160/c48801266c,HIIT Yoga,HIIT Yoga,hiit-yoga,False,False
Hiit Class | with Susie Q | 6/29/20,433633378,https://vimeo.com/433633378/c8a4611382,HIIT Class Archives,HIIT,hiit,False,True
Stretch & Recovery | with Alberto | 6/28/20,433333542,https://vimeo.com/433333542/622df92e67,Stretch & Recovery,Stretch & Recovery,stretch-recovery,False,False
"Hiit Class Meets Insanity 21 | with Susie Q, Pam, & Gi Gi | 6/28/20",433331401,https://vimeo.com/433331401/d338431c53,HIIT Class Archives,HIIT,hiit,False,True
Hiit Class | THROWBACK SATURDAY | with Susie Q,433118142,https://vimeo.com/433118142/be1db5f17a,HIIT Class Archives,HIIT,hiit,False,True
Ab Lab | with Emily | 6/26/20,432819989,https://vimeo.com/432819989/ac883822c2,Ab Lab,Ab Lab,ab-lab,False,False
Stretch & Recovery | with Alberto | 6/26/20,432819347,https://vimeo.com/432819347/22e0fbec3d,Stretch & Recovery,Stretch & Recovery,stretch-recovery,False,False
Hiit Class | with Susie Q | 6/26/20,432818579,https://vimeo.com/432818579/db2992aef8,HIIT Class Archives,HIIT,hiit,False,True
Hiit Class | with Susie Q | 6/2520,432562557,https://vimeo.com/432562557/d99f1f0bfc,HIIT Class Archives,HIIT,hiit,False,True
Kids At Home Fit Funhouse | Superhero Throwback Thursday | with Coach Tammy,432485401,https://vimeo.com/432485401/0430e871e2,Kids HIIT Funhouse,Kids HIIT Funhouse,kids-hiit-funhouse,False,False
"X-Fit | with Renato ""The Brazilian Hercules"" | 6/25/20",432484534,https://vimeo.com/432484534/0ec9b79fc8,Heavy HIIT,Heavy HIIT,heavy-hiit,False,False
Fit As a Fighter | with Trisha | 6/25/20,432483780,https://vimeo.com/432483780/62d9a60639,HIIT Kickboxing,HIIT Kickboxing,hiit-kickboxing,False,False
Hiit Class | with Susie Q | 6/25/20,432483109,https://vimeo.com/432483109/e3fd23bdc1,HIIT Class Archives,HIIT,hiit,False,True
Insanity 21 | Massive Calorie Blast | with Pam | 6/24/20,432161817,https://vimeo.com/432161817/abaa756cf0,HIIT 21,HIIT 21,hiit-21,False,False
Kids Fit Funhouse | Drive Your Parents Up the Wall Workout | with Tammy | 6/23/20,431632069,https://vimeo.com/431632069/8e7ac4a9fd,Kids HIIT Funhouse,Kids HIIT Funhouse,kids-hiit-funhouse,False,False
Fit As a Fighter | with Trisha | 6/23/20,431631632,https://vimeo.com/431631632/71d48d13d5,HIIT Kickboxing,HIIT Kickboxing,hiit-kickboxing,False,False
Hiit Class | with Susie Q | 6/23/20,431630833,https://vimeo.com/431630833/5b0e4a1a28,HIIT Class Archives,HIIT,hiit,False,True
"X-Fit | with Renato ""The Brazilian Hercules"" | 6/22/20",431473490,https://vimeo.com/431473490/1f47b9bcc2,Heavy HIIT,Heavy HIIT,heavy-hiit,False,False
Yoga Flow | with Robyn | 6/22/20,431472659,https://vimeo.com/431472659/826ff8dee7,Yoga Flow,Yoga Flow,yoga-flow,False,False
Fiit Yoga | with Robyn | 6/22/20,431472110,https://vimeo.com/431472110/b35291beaa,HIIT Yoga,HIIT Yoga,hiit-yoga,False,False
Hiit Class | with Susie Q | 6/22/20,431471557,https://vimeo.com/431471557/00b4db424d,HIIT Class Archives,HIIT,hiit,False,True
Stretch & Recovery | with Alberto | 6/21/20,431195171,https://vimeo.com/431195171/6b70812fba,Stretch & Recovery,Stretch & Recovery,stretch-recovery,False,False
Insanity 21 | Massive Calorie Blast | with Pam | 6/21/20,431194794,https://vimeo.com/431194794/4128ec03eb,HIIT 21,HIIT 21,hiit-21,False,False
Hiit Class | A CLEAN SLATE SATURDAY | with Susie Q,430999747,https://vimeo.com/430999747/9bb100f7df,HIIT Class Archives,HIIT,hiit,False,True
Stretch & Recovery | with Alberto | 6/19/20,430709424,https://vimeo.com/430709424/6d3a226bb9,Stretch & Recovery,Stretch & Recovery,stretch-recovery,False,False
Hiit Class | with Susie Q | 6/19/20,430709114,https://vimeo.com/430709114/0cd3f854a4,HIIT Class Archives,HIIT,hiit,False,True
"X-Fit | with Renato ""The Brazilian Hercules"" | 6/18/20",430375126,https://vimeo.com/430375126/afd28f250f,Heavy HIIT,Heavy HIIT,heavy-hiit,False,False
Kids At Home Fit Funhouse | Tennis Theme | with Coach Tammy,430349934,https://vimeo.com/430349934/61f1e0d268,Kids HIIT Funhouse,Kids HIIT Funhouse,kids-hiit-funhouse,False,False
Fit As a Fighter | with Trisha | 6/18/20,430349238,https://vimeo.com/430349238/9a473c236b,HIIT Kickboxing,HIIT Kickboxing,hiit-kickboxing,False,False
Hiit Class | with Susie Q | 6/18/20,430348857,https://vimeo.com/430348857/3970f1c90e,HIIT Class Archives,HIIT,hiit,False,True
Insanity 21 | Massive Calorie Blast | with Pam | 6/17/20,430036639,https://vimeo.com/430036639/a2d2d6978d,HIIT 21,HIIT 21,hiit-21,False,False
Hiit Class | THROWBACK TUESDAY - How It All Started | with Susie Q,429645993,https://vimeo.com/429645993/50ff662f56,HIIT Class Archives,HIIT,hiit,False,True
"X-Fit | with Renato ""The Brazilian Hercules"" | 6/15/20",429263641,https://vimeo.com/429263641/0ef771b967,Heavy HIIT,Heavy HIIT,heavy-hiit,False,False
Yoga Flow | with Robyn | 6/15/20,429263088,https://vimeo.com/429263088/a43f862829,Yoga Flow,Yoga Flow,yoga-flow,False,False
Fiit Yoga | with Robyn | 6/15/20,429262273,https://vimeo.com/429262273/601b94c8bc,HIIT Yoga,HIIT Yoga,hiit-yoga,False,False
Hiit Class | with Susie Q | 6/15/20,429261584,https://vimeo.com/429261584/9b0b548946,HIIT Class Archives,HIIT,hiit,False,True
Stretch & Recovery | with Alberto | 6/14/20,428892313,https://vimeo.com/428892313/8bb2998bfc,Stretch & Recovery,Stretch & Recovery,stretch-recovery,False,False
Insanity 21 | Massive Calorie Blast | with Pam | 6/14/20,428891143,https://vimeo.com/428891143/b8fbc7d7ae,HIIT 21,HIIT 21,hiit-21,False,False
Hiit Class | PEACE & LOVE SATURDAY | with Susie Q,428775896,https://vimeo.com/428775896/24d1f41975,HIIT Class Archives,HIIT,hiit,False,True
Ab Lab | with Emily | 6/12/20,428488273,https://vimeo.com/428488273/8edef56c6e,Ab Lab,Ab Lab,ab-lab,False,False
"X-Fit | with Renato ""The Brazilian Hercules"" | 6/12/20",428478616,https://vimeo.com/428478616/ebd54358d2,Heavy HIIT,Heavy HIIT,heavy-hiit,False,False
Stretch & Recovery | with Alberto | 6/12/20,428477819,https://vimeo.com/428477819/62418d382f,Stretch & Recovery,Stretch & Recovery,stretch-recovery,False,False
Hiit Class | with Susie Q | 6/12/20,428477351,https://vimeo.com/428477351/880004788d,HIIT Class Archives,HIIT,hiit,False,True
Kids At Home Fit Funhouse | Roll the Dice | with Coach Tammy,428096792,https://vimeo.com/428096792/570cc8f495,Kids HIIT Funhouse,Kids HIIT Funhouse,kids-hiit-funhouse,False,False
Fit As a Fighter | with Trisha | 6/11/20,428096424,https://vimeo.com/428096424/f9aabcf63e,HIIT Kickboxing,HIIT Kickboxing,hiit-kickboxing,False,False
Hiit Class | with Susie Q | 6/11/20,428095914,https://vimeo.com/428095914/73ddbb3d04,HIIT Class Archives,HIIT,hiit,False,True
Kids At Home Fit Funhouse | with Tammy | Pre-Record,427744511,https://vimeo.com/427744511/07d235bf84,Kids HIIT Funhouse,Kids HIIT Funhouse,kids-hiit-funhouse,False,False
Yoga Flow | with Robyn | 6/10/20,427597962,https://vimeo.com/427597962/6e9e197110,Yoga Flow,Yoga Flow,yoga-flow,False,False
Insanity 21 | Massive Calorie Blast | with Pam | 6/10/20,427597482,https://vimeo.com/427597482/0c81b12737,HIIT 21,HIIT 21,hiit-21,False,False
Kids Fit Funhouse | ZUMBA ROUND 2 | with Tammy,427333175,https://vimeo.com/427333175/330e2a7c2d,Kids HIIT Funhouse,Kids HIIT Funhouse,kids-hiit-funhouse,False,False
Fit As a Fighter | with Trisha | 6/9/20,427332317,https://vimeo.com/427332317/6e04be8bb1,HIIT Kickboxing,HIIT Kickboxing,hiit-kickboxing,False,False
Hiit Class | with Susie Q | 6/9/20,427331618,https://vimeo.com/427331618/84aed4f8ac,HIIT Class Archives,HIIT,hiit,False,True
Hiit Class | with Susie Q | 6/8/20,426980486,https://vimeo.com/426980486/2276bc3916,HIIT Class Archives,HIIT,hiit,False,True
"X-Fit | with Renato ""The Brazilian Hercules"" | 6/8/20",426978653,https://vimeo.com/426978653/009f3ffbca,Heavy HIIT,Heavy HIIT,heavy-hiit,False,False
Stretch & Recovery | with Alberto | 6/7/20,426712817,https://vimeo.com/426712817/2979f4196a,Stretch & Recovery,Stretch & Recovery,stretch-recovery,False,False
Insanity 21 | Massive Calorie Blast | with Pam | 6/7/20,426712136,https://vimeo.com/426712136/05bd174057,HIIT 21,HIIT 21,hiit-21,False,False
Hiit Class | YOU vs US | with Susie Q,426517705,https://vimeo.com/426517705/ab82bf8ee5,HIIT Class Archives,HIIT,hiit,False,True
Stretch & Recovery | with Alberto | 6/5/20,426211252,https://vimeo.com/426211252/cecb52979e,Stretch & Recovery,Stretch & Recovery,stretch-recovery,False,False
Ab Lab | with Emily | 6/5/20,426210943,https://vimeo.com/426210943/a320a48416,Ab Lab,Ab Lab,ab-lab,False,False
Hiit Class | with Susie Q | 6/5/20,426210454,https://vimeo.com/426210454/f108eadc1e,HIIT Class Archives,HIIT,hiit,False,True
"X-Fit | with Renato ""The Brazilian Hercules"" | 6/4/20",425984428,https://vimeo.com/425984428/b59de0fcff,Heavy HIIT,Heavy HIIT,heavy-hiit,False,False
Kids At Home Fit Funhouse | Ace's or Queen of Hearts | with Tammy,425691008,https://vimeo.com/425691008/bf3532a548,Kids HIIT Funhouse,Kids HIIT Funhouse,kids-hiit-funhouse,False,False
Fit As a Fighter | with Trisha | 6/4/20,425689234,https://vimeo.com/425689234/a88baea83b,HIIT Kickboxing,HIIT Kickboxing,hiit-kickboxing,False,False
Hiit Class | with Susie Q | 6/4/20,425686872,https://vimeo.com/425686872/a290d4d2e7,HIIT Class Archives,HIIT,hiit,False,True
Yoga Flow | with Robyn | 6/3/20,425294446,https://vimeo.com/425294446/b21abbcd4a,Yoga Flow,Yoga Flow,yoga-flow,False,False
Insanity 21 | Massive Calorie Blast | with Pam | 6/3/20,425294003,https://vimeo.com/425294003/89678c93ce,HIIT 21,HIIT 21,hiit-21,False,False
Kids At Home Fit Funhouse | Sports Theme | with Tammy | 6/2/20,424935278,https://vimeo.com/424935278/b965acca3e,Kids HIIT Funhouse,Kids HIIT Funhouse,kids-hiit-funhouse,False,False
Fit As a Fighter | with Trisha | 6/2/20,424934807,https://vimeo.com/424934807/5e51d89480,HIIT Kickboxing,HIIT Kickboxing,hiit-kickboxing,False,False
Hiit Class | with Susie Q | 6/2/20,424934255,https://vimeo.com/424934255/2d96f69d38,HIIT Class Archives,HIIT,hiit,False,True
"X-Fit | with Renato ""The Brazilian Hercules"" | 6/1/20",424652955,https://vimeo.com/424652955/f27b2da9ff,Heavy HIIT,Heavy HIIT,heavy-hiit,False,False
Fiit Yoga | with Robyn | 6/1/20,424652707,https://vimeo.com/424652707/af035e19fc,HIIT Yoga,HIIT Yoga,hiit-yoga,False,False
Hiit Class | with Susie Q | 6/1/20,424652308,https://vimeo.com/424652308/e8b4e04099,HIIT Class Archives,HIIT,hiit,False,True
Stretch & Recovery | with Alberto | 5/31/20,424406417,https://vimeo.com/424406417/5d9a067d68,Stretch & Recovery,Stretch & Recovery,stretch-recovery,False,False
Insanity 21 | Massive Calorie Blast | with Pam | 5/31/20,424406147,https://vimeo.com/424406147/6ae235e5e5,HIIT 21,HIIT 21,hiit-21,False,False
Hiit Class | BLOOM INTO JUNE | with Susie Q,424304232,https://vimeo.com/424304232/89277060ed,HIIT Class Archives,HIIT,hiit,False,True
Ab Lab | with Emily | 5/29/20,423848947,https://vimeo.com/423848947/158ad8978e,Ab Lab,Ab Lab,ab-lab,False,False
"X-Fit | with Renato ""The Brazilian Hercules"" | 5/29/20",423792324,https://vimeo.com/423792324/5913dcca67,Heavy HIIT,Heavy HIIT,heavy-hiit,False,False
Stretch & Recovery | with Alberto | 5/29/20,423790810,https://vimeo.com/423790810/1d8f3ed5d8,Stretch & Recovery,Stretch & Recovery,stretch-recovery,False,False
Hiit Class | with Susie Q | 5/29/20,423790239,https://vimeo.com/423790239/54e626837b,HIIT Class Archives,HIIT,hiit,False,True
Kids Fit Funhouse | Muscle & Hussel Theme | with Tammy | 5/28/20,423575713,https://vimeo.com/423575713/7d8dfa91ec,Kids HIIT Funhouse,Kids HIIT Funhouse,kids-hiit-funhouse,False,False
Fit As a Fighter | with Trisha | 5/28/20,423574850,https://vimeo.com/423574850/5e4f63fe4b,HIIT Kickboxing,HIIT Kickboxing,hiit-kickboxing,False,False
Hiit Class | with Susie Q | 5/28/20,423574365,https://vimeo.com/423574365/0f33fa1448,HIIT Class Archives,HIIT,hiit,False,True
Yoga Flow | with Robyn | 5/27/20,423142956,https://vimeo.com/423142956/54e4aa94e8,Yoga Flow,Yoga Flow,yoga-flow,False,False
Insanity 21 | Massive Calorie Blast | with Pam | 5/27/20,423139264,https://vimeo.com/423139264/dcb4cc5eec,HIIT 21,HIIT 21,hiit-21,False,False
Kids Fit Funhouse | Clean Sweep Theme | with Tammy | 5/26/20,422778555,https://vimeo.com/422778555/b26e208a14,Kids HIIT Funhouse,Kids HIIT Funhouse,kids-hiit-funhouse,False,False
Fit As a Fighter | with Trisha | 5/26/20,422777233,https://vimeo.com/422777233/dfe73fe51d,HIIT Kickboxing,HIIT Kickboxing,hiit-kickboxing,False,False
Hiit Class | with Susie Q | 5/26/20,422747934,https://vimeo.com/422747934/1a95b36020,HIIT Class Archives,HIIT,hiit,False,True
Hiit Class | MEMORIAL DAY | with Susie Q,422382800,https://vimeo.com/422382800/c690dc6bc1,HIIT Class Archives,HIIT,hiit,False,True
Stretch & Recovery | with Alberto | 5/24/20,422127080,https://vimeo.com/422127080/9d58bb0d9f,Stretch & Recovery,Stretch & Recovery,stretch-recovery,False,False
Insanity 21 | Massive Calorie Blast | with Pam | 5/24/20,422126198,https://vimeo.com/422126198/7a69dd4b9a,HIIT 21,HIIT 21,hiit-21,False,False
Hiit Class | UNITED WE SWEAT | with Susie Q,421902539,https://vimeo.com/421902539/7fb053e056,HIIT Class Archives,HIIT,hiit,False,True
Manly Monday | with Susie Q,421505270,https://vimeo.com/421505270/1cc3068528,Other/Unsorted,HIIT Upper Body,hiit-upper-body,True,False
X-Fit | with Renato The Brazilian Hercules | 5|15|20,421488204,https://vimeo.com/421488204/cda1a2d167,Heavy HIIT,Heavy HIIT,heavy-hiit,False,False
"X-Fit | with Renato ""The Brazilian Hercules"" | 5/22/20",421479392,https://vimeo.com/421479392/b5116e59b3,Heavy HIIT,Heavy HIIT,heavy-hiit,False,False
Stretch & Recovery | with Alberto | 5/22/20,421478864,https://vimeo.com/421478864/d7f6b6a1be,Stretch & Recovery,Stretch & Recovery,stretch-recovery,False,False
Hiit Class | with Susie Q | 5/22/20,421478206,https://vimeo.com/421478206/c4ef0318b2,HIIT Class Archives,HIIT,hiit,False,True
Ab Lab | with Emily | 5/22/20,421472269,https://vimeo.com/421472269/79805c9ab5,Ab Lab,Ab Lab,ab-lab,False,False
HIIT Class | SEXY SATURDAY | with Susie Q,421472005,https://vimeo.com/421472005/8abe54993b,HIIT Class Archives,HIIT,hiit,False,True
Stretch & Recovery | with Alberto | 5/15/20,421366374,https://vimeo.com/421366374/6a08da88eb,Stretch & Recovery,Stretch & Recovery,stretch-recovery,False,False
Kids Fit Funhouse | Stars & Stripes Theme | with Tammy | 5/21/20,420994287,https://vimeo.com/420994287/8c6adb5f7b,Kids HIIT Funhouse,Kids HIIT Funhouse,kids-hiit-funhouse,False,False
Fit As a Fighter | with Trisha | 5/21/20,420992584,https://vimeo.com/420992584/86b9acd7bf,HIIT Kickboxing,HIIT Kickboxing,hiit-kickboxing,False,False
Hiit Class | with Susie Q | 5/21/20,420992082,https://vimeo.com/420992082/1c0727b8a7,HIIT Class Archives,HIIT,hiit,False,True
Hiit | with Susie Q | 5/15/20,420872231,https://vimeo.com/420872231/7147b50386,HIIT,HIIT,hiit,False,False
Ab Lab | with Emily | 5/15/20,420851746,https://vimeo.com/420851746/2bbced2274,Ab Lab,Ab Lab,ab-lab,False,False
Yoga Flow | with Robyn | 5/20/20,420643778,https://vimeo.com/420643778/688afa1413,Yoga Flow,Yoga Flow,yoga-flow,False,False
Insanity 21 | Massive Calorie Blast | with Pam | 5/20/20,420642517,https://vimeo.com/420642517/88c6b83d31,HIIT 21,HIIT 21,hiit-21,False,False
Kids Fit Funhouse | Partners Workout | with Tammy | 5/19/20,420289737,https://vimeo.com/420289737/ce79181e8f,Kids HIIT Funhouse,Kids HIIT Funhouse,kids-hiit-funhouse,False,False
Fit As a Fighter | with Trisha | 5/19/20,420289117,https://vimeo.com/420289117/81ee0239d9,HIIT Kickboxing,HIIT Kickboxing,hiit-kickboxing,False,False
Hiit Class | with Susie Q | 5/19/20,420287825,https://vimeo.com/420287825/78763d9889,HIIT Class Archives,HIIT,hiit,False,True
"X-Fit | with Renato ""The Brazilian Hercules"" | 5/18/20",419820493,https://vimeo.com/419820493/51115c2e88,Heavy HIIT,Heavy HIIT,heavy-hiit,False,False
Fiit Yoga | with Robyn | 5/18/20,419819759,https://vimeo.com/419819759/0ab9347585,HIIT Yoga,HIIT Yoga,hiit-yoga,False,False
Hiit Class | with Susie Q | 5/18/20,419817998,https://vimeo.com/419817998/176b580acc,HIIT Class Archives,HIIT,hiit,False,True
Stretch & Recovery | with Alberto | 5/17/20,419562392,https://vimeo.com/419562392/f2869d3d56,Stretch & Recovery,Stretch & Recovery,stretch-recovery,False,False
Insanity 21 | Massive Calorie Blast | with Pam | 5/17/20,419558439,https://vimeo.com/419558439/1e456a0495,HIIT 21,HIIT 21,hiit-21,False,False
Kids Fit Funhouse | Red White & Blue Theme | with Coach Tammy | 5/14/20,418395893,https://vimeo.com/418395893/f38446fec9,Kids HIIT Funhouse,Kids HIIT Funhouse,kids-hiit-funhouse,False,False
Fit As a Fighter | with Trisha | 5/14/20,418394412,https://vimeo.com/418394412/9f8d768e94,HIIT Kickboxing,HIIT Kickboxing,hiit-kickboxing,False,False
Hiit Class | with Susie Q | 5/14/20,418392724,https://vimeo.com/418392724/47f34888a0,HIIT Class Archives,HIIT,hiit,False,True
Yoga Flow | with Robyn | 5/13/20,418032091,https://vimeo.com/418032091/f3dbaa9312,Yoga Flow,Yoga Flow,yoga-flow,False,False
Insanity 21 | Massive Calorie Blast | with Pam | 5/13/20,418029642,https://vimeo.com/418029642/605db7b96f,HIIT 21,HIIT 21,hiit-21,False,False
Kids Fit Funhouse | Zumba Theme | with Tammy | 5/12/20,417571210,https://vimeo.com/417571210/4aa5ae425c,Kids HIIT Funhouse,Kids HIIT Funhouse,kids-hiit-funhouse,False,False
Fit As a Fighter | with Trisha | 5/11/20,417568483,https://vimeo.com/417568483/efaa7515d1,HIIT Kickboxing,HIIT Kickboxing,hiit-kickboxing,False,False
Hiit Class | with Susie Q | 5/12/20,417559591,https://vimeo.com/417559591/765cd318cd,HIIT Class Archives,HIIT,hiit,False,True
"X-Fit | with Renato ""The Brazilian Hercules"" | 5/11/20",417168190,https://vimeo.com/417168190/18c3e9a6d7,Heavy HIIT,Heavy HIIT,heavy-hiit,False,False
Fiit Yoga | with Robyn | 5/11/20,417165535,https://vimeo.com/417165535/099d4c9e03,HIIT Yoga,HIIT Yoga,hiit-yoga,False,False
Hiit Class | with Susie Q | 5/11/20,417156410,https://vimeo.com/417156410/c0369b0890,HIIT Class Archives,HIIT,hiit,False,True
Stretch & Recovery | with Alberto | 5/10/20,416898751,https://vimeo.com/416898751/238dcb75e5,Stretch & Recovery,Stretch & Recovery,stretch-recovery,False,False
Insanity 21 | Massive Calorie Blast | with Pam | 5/10/20,416896029,https://vimeo.com/416896029/558bee0de8,HIIT 21,HIIT 21,hiit-21,False,False
Hiit Class | SLUMBER PARTY SATURDAY | with Susie Q,416669317,https://vimeo.com/416669317/c21e741c7a,HIIT Class Archives,HIIT,hiit,False,True
"X-Fit | with Renato ""The Brazilian Hercules"" | 5/8/20",416325905,https://vimeo.com/416325905/a2b22671e0,Heavy HIIT,Heavy HIIT,heavy-hiit,False,False
Stretch & Recovery | with Alberto | 5/8/20,416324751,https://vimeo.com/416324751/9bd29654b0,Stretch & Recovery,Stretch & Recovery,stretch-recovery,False,False
Hiit Class | with Susie Q | 5/8/20,416321166,https://vimeo.com/416321166/c41284b45e,HIIT Class Archives,HIIT,hiit,False,True
Kids Fit Funhouse | Alphabet Theme | with Coach Tammy | 5/7/20,415949055,https://vimeo.com/415949055/4405751ef5,Kids HIIT Funhouse,Kids HIIT Funhouse,kids-hiit-funhouse,False,False
Fit As a Fighter | with Trisha | 5/7/20,415944231,https://vimeo.com/415944231/51ef94104a,HIIT Kickboxing,HIIT Kickboxing,hiit-kickboxing,False,False
Hiit Class | with Susie Q | 5/7/20,415940744,https://vimeo.com/415940744/2089f4f002,HIIT Class Archives,HIIT,hiit,False,True
Yoga Flow | with Robyn | 5/6/20,415504113,https://vimeo.com/415504113/2bf250d8ea,Yoga Flow,Yoga Flow,yoga-flow,False,False
Insanity 21 | Massive Calorie Blast | with Pam | 5/6/20,415502026,https://vimeo.com/415502026/9634863f91,HIIT 21,HIIT 21,hiit-21,False,False
Kids Fit Funhouse | Sidewalk Chalk Theme | with Coach Tammy | 5/5/20,415155705,https://vimeo.com/415155705/668650d4bb,Kids HIIT Funhouse,Kids HIIT Funhouse,kids-hiit-funhouse,False,False
Fit As a Fighter | with Trisha | 5/5/20,415153361,https://vimeo.com/415153361/76eab4daf1,HIIT Kickboxing,HIIT Kickboxing,hiit-kickboxing,False,False
Hiit Class | CINCO DE MAYO | with Susie Q,415149107,https://vimeo.com/415149107/9669888b99,HIIT Class Archives,HIIT,hiit,False,True
"X-Fit | with Renato ""The Brazilian Hercules"" | 5/4/20",414767444,https://vimeo.com/414767444/a882e12cc3,Heavy HIIT,Heavy HIIT,heavy-hiit,False,False
Fiit Yoga | with Robyn | 5/4/20,414759529,https://vimeo.com/414759529/0561e94856,HIIT Yoga,HIIT Yoga,hiit-yoga,False,False
Hiit Class | with Susie Q | 5/4/20,414737453,https://vimeo.com/414737453/a961d4f0b1,HIIT Class Archives,HIIT,hiit,False,True
Stretch & Recovery | with Alberto | 5/3/20,414462804,https://vimeo.com/414462804/5983e18498,Stretch & Recovery,Stretch & Recovery,stretch-recovery,False,False
Insanity 21 | Massive Calorie Blast | with Pam | 5/3/20,414461154,https://vimeo.com/414461154/38a25bf26c,HIIT 21,HIIT 21,hiit-21,False,False
Hiit Class | SPORTS SATURDAY | with Susie Q,414249054,https://vimeo.com/414249054/0aefab9f18,HIIT Class Archives,HIIT,hiit,False,True
Stretch & Recovery | with Alberto | 5/1/20,414058292,https://vimeo.com/414058292,Stretch & Recovery,Stretch & Recovery,stretch-recovery,False,False
"X-Fit | with Renato ""The Brazilian Hercules"" | 5/1/20",414039134,https://vimeo.com/414039134/7710799f6d,Heavy HIIT,Heavy HIIT,heavy-hiit,False,False
"X-Fit | with Renato ""The Brazilian Hercules"" | 5/1/20",413946164,https://vimeo.com/413946164,Heavy HIIT,Heavy HIIT,heavy-hiit,False,False
Stretch & Recovery | with Alberto | 5/1/20,413943663,https://vimeo.com/413943663/2bc853652e,Stretch & Recovery,Stretch & Recovery,stretch-recovery,False,False
Hiit Class | with Susie Q | 5/1/20,413940680,https://vimeo.com/413940680/5a10fc5e58,HIIT Class Archives,HIIT,hiit,False,True
Kids Fit Funhouse | Thankful Thursday | with Tammy | 4/30/20,413579668,https://vimeo.com/413579668/d58271b703,Kids HIIT Funhouse,Kids HIIT Funhouse,kids-hiit-funhouse,False,False
Fit As a Fighter | with Trisha | 4/30/20,413576235,https://vimeo.com/413576235/757f256e94,HIIT Kickboxing,HIIT Kickboxing,hiit-kickboxing,False,False
Hiit Class | with Susie Q | 4/3020,413573740,https://vimeo.com/413573740/9d5816632b,HIIT Class Archives,HIIT,hiit,False,True
Yoga Flow | with Robyn | 4/29/20,413123365,https://vimeo.com/413123365/99f56685f2,Yoga Flow,Yoga Flow,yoga-flow,False,False
Insanity 21 | Massive Calorie Blast | with Pam | 4/29/20,413118851,https://vimeo.com/413118851/e6eb889856,HIIT 21,HIIT 21,hiit-21,False,False
Kids Fit Funhouse | 2's Day Theme | with Tammy,412867266,https://vimeo.com/412867266/70e4e4fd2c,Kids HIIT Funhouse,Kids HIIT Funhouse,kids-hiit-funhouse,False,False
Fit As a Fighter | with Trisha | 4/28/20,412800839,https://vimeo.com/412800839/20a0f7d7a2,HIIT Kickboxing,HIIT Kickboxing,hiit-kickboxing,False,False
Hiit Class | Testosterone Tuesday | with Susie Q | 4/28/20,412772407,https://vimeo.com/412772407/7a85b983b7,HIIT Class Archives,HIIT,hiit,False,True
Kids Fit Funhouse | Terrific 2's Day | with Tammy | 4/28/20,412697945,https://vimeo.com/412697945/ca79cbb5ba,Kids HIIT Funhouse,Kids HIIT Funhouse,kids-hiit-funhouse,False,False
Fit As a Fighter | with Trisha | 4/28/20,412696039,https://vimeo.com/412696039/5c90fde9da,HIIT Kickboxing,HIIT Kickboxing,hiit-kickboxing,False,False
Hiit Class | with Susie Q | 4/28/20,412693852,https://vimeo.com/412693852/bd50102a29,HIIT Class Archives,HIIT,hiit,False,True
"X-Fit | with Renato ""The Brazilian Hercules"" & Alice | 4/27/20",412333289,https://vimeo.com/412333289/9b9155de83,Heavy HIIT,Heavy HIIT,heavy-hiit,False,False
Fiit Yoga | with Robyn | 4/27/20,412331416,https://vimeo.com/412331416/5295147fa5,HIIT Yoga,HIIT Yoga,hiit-yoga,False,False
Hiit Class | with Susie Q | 4/27/20,412329136,https://vimeo.com/412329136/38573dc9f5,HIIT Class Archives,HIIT,hiit,False,True
Stretch & Recovery | with Alberto | 4/26/20,411996727,https://vimeo.com/411996727/3feec1d3dd,Stretch & Recovery,Stretch & Recovery,stretch-recovery,False,False
Insanity 21 | Massive Calorie Blast | with Pam | 4/26/20,411993338,https://vimeo.com/411993338,HIIT 21,HIIT 21,hiit-21,False,False
Spotlight Saturday | Hiit Class | with Susie Q,411739083,https://vimeo.com/411739083/755d5da07d,Other/Unsorted,HIIT Total Body,hiit-total-body,True,False
"X-Fit | with Renato ""The Brazilian Hercules"" & Alice | 4/24/20",411405184,https://vimeo.com/411405184/c6144a1ace,Heavy HIIT,Heavy HIIT,heavy-hiit,False,False
Stretch & Recovery | with Alberto | 4/24/20,411403134,https://vimeo.com/411403134/34f452b69d,Stretch & Recovery,Stretch & Recovery,stretch-recovery,False,False
Hiit Class | with Susie Q | 4/24/20,411398032,https://vimeo.com/411398032/ce371443ae,HIIT Class Archives,HIIT,hiit,False,True
Kids Fit Funhouse | Football Theme | with Tammy | 4/23/20,410799827,https://vimeo.com/410799827/3138d0efac,Kids HIIT Funhouse,Kids HIIT Funhouse,kids-hiit-funhouse,False,False
Fit As a Fighter | with Trisha | 4/23/20,410798405,https://vimeo.com/410798405/1865b468f9,HIIT Kickboxing,HIIT Kickboxing,hiit-kickboxing,False,False
Hiit Class | with Susie Q | 4/23/20,410796880,https://vimeo.com/410796880/b2d911dba4,HIIT Class Archives,HIIT,hiit,False,True
Insanity 21 | with Pam | 4/22/20,410584798,https://vimeo.com/410584798/c47f47fac4,HIIT 21,HIIT 21,hiit-21,False,False
Yoga Flow | with Robyn | 4/22/20,410584411,https://vimeo.com/410584411/d06e4165d6,Yoga Flow,Yoga Flow,yoga-flow,False,False
"X-Fit | with Renato ""The Brazilian Hercules"" & Alice | 4/17/20",410300930,https://vimeo.com/410300930,Heavy HIIT,Heavy HIIT,heavy-hiit,False,False
Kids Fit Funhouse | with Tammy | 4/21/20,410003595,https://vimeo.com/410003595/c96060d052,Kids HIIT Funhouse,Kids HIIT Funhouse,kids-hiit-funhouse,False,False
Fit as a Fighter | with Trisha | 4/21/20,410002681,https://vimeo.com/410002681/086a209ff4,HIIT Kickboxing,HIIT Kickboxing,hiit-kickboxing,False,False
Hiit Class | with Susie Q | 4/21/20,409998671,https://vimeo.com/409998671/6d694e3e18,HIIT Class Archives,HIIT,hiit,False,True
"X-Fit | with Renato ""The Brazilian Hercules"" & Alice | 4/20/20",409787890,https://vimeo.com/409787890/ce63d60df4,Heavy HIIT,Heavy HIIT,heavy-hiit,False,False
Fiit Yoga | with Robyn | 4/20/20,409785308,https://vimeo.com/409785308/6e4a19534b,HIIT Yoga,HIIT Yoga,hiit-yoga,False,False
Hiit Class | with Susie Q | 4/20/20,409780800,https://vimeo.com/409780800/1464f38d20,HIIT Class Archives,HIIT,hiit,False,True
Stretching & Recovery | with Alberto | 4/19/20,409467356,https://vimeo.com/409467356/2b0b2a3576,Stretch & Recovery,Stretch & Recovery,stretch-recovery,False,False
Insanity 21 | Massive Calorie Blast | with Pam | 4/19/20,409464454,https://vimeo.com/409464454/507ec93b40,HIIT 21,HIIT 21,hiit-21,False,False
Suntan Saturday | Hiit Training | with Susie Q | 4/18/20,409194283,https://vimeo.com/409194283/bb7781ea98,Other/Unsorted,HIIT Total Body,hiit-total-body,True,False
The Brazilian Hercules & Alice | X-Fit | 4/17/20,408644731,https://vimeo.com/408644731,Heavy HIIT,Heavy HIIT,heavy-hiit,False,False
Stretching & Recovery | with Alberto | 4/17/20,408643797,https://vimeo.com/408643797/2509a72a34,Stretch & Recovery,Stretch & Recovery,stretch-recovery,False,False
At Home | Hiit Training | with Susie Q | 4/17/20,408642549,https://vimeo.com/408642549/e61d245c21,Other/Unsorted,HIIT Total Body,hiit-total-body,True,False
Kids At Home Fit Funhouse | Basketball Theme | with Tammy,408429940,https://vimeo.com/408429940/bf7844eecb,Kids HIIT Funhouse,Kids HIIT Funhouse,kids-hiit-funhouse,False,False
Fit As a Fighter | with Trisha | 4/16/20,408426961,https://vimeo.com/408426961/e92797bcde,HIIT Kickboxing,HIIT Kickboxing,hiit-kickboxing,False,False
At Home | Hiit Training | with Susie Q | 4/16/20,408389922,https://vimeo.com/408389922/57a8256a2a,Other/Unsorted,HIIT Total Body,hiit-total-body,True,False
